URL,URL_保存位置
https://p3-pc-sign.douyinpic.com/tos-cn-i-0813/d813bad39b0b4e3d903e50d273345631~noop.webp?biz_tag=aweme_images&from=3213915784&s=PackSourceEnum_AWEME_DETAIL&se=false&x-expires=1671112800&x-signature=q728LFl1atgTZFFoUsrhRQdVqfo%3D,D:\八爪鱼下载\一百张纵享丝滑～建议直接翻到57张#沿着虚线 #穿搭 #甜妹 - 抖音\11-15 220925\URL\0840b388341f5559ac0324e15edf0366.webp
https://p6-pc-sign.douyinpic.com/tos-cn-i-0813c001/3375c8f7e2d2403db63b207f95c88c05~noop.webp?biz_tag=aweme_images&from=3213915784&s=PackSourceEnum_AWEME_DETAIL&se=false&x-expires=1671112800&x-signature=3ekHphursG1gCyvhwlqP1UKt8is%3D,D:\八爪鱼下载\一百张纵享丝滑～建议直接翻到57张#沿着虚线 #穿搭 #甜妹 - 抖音\11-15 220925\URL\9da3a0413f37fc9694fe72f0414a85f6.webp
https://p9-pc-sign.douyinpic.com/tos-cn-i-0813/4f38c52d15ce4bde8598a48bca09b620~noop.webp?biz_tag=aweme_images&from=3213915784&s=PackSourceEnum_AWEME_DETAIL&se=false&x-expires=1671112800&x-signature=N5blnkgCsTR%2B2lKHXteEfFIvJJE%3D,D:\八爪鱼下载\一百张纵享丝滑～建议直接翻到57张#沿着虚线 #穿搭 #甜妹 - 抖音\11-15 220925\URL\24b4af4243772a82a61ca3ec38301bca.webp
https://p9-pc-sign.douyinpic.com/tos-cn-i-0813c001/3168f114944442f5b37e15f302418195~noop.webp?biz_tag=aweme_images&from=3213915784&s=PackSourceEnum_AWEME_DETAIL&se=false&x-expires=1671112800&x-signature=lcInEZ5uOfDgAJERtM5RmtXePTk%3D,D:\八爪鱼下载\一百张纵享丝滑～建议直接翻到57张#沿着虚线 #穿搭 #甜妹 - 抖音\11-15 220925\URL\d44db9a4e98754e12da84b358bce71b4.webp
https://p3-pc-sign.douyinpic.com/tos-cn-i-0813c001/231c067a0df14785a9c47a63a9add51c~noop.webp?biz_tag=aweme_images&from=3213915784&s=PackSourceEnum_AWEME_DETAIL&se=false&x-expires=1671112800&x-signature=aiAYLuNrJ91SIsfqx8WHzsLzry8%3D,D:\八爪鱼下载\一百张纵享丝滑～建议直接翻到57张#沿着虚线 #穿搭 #甜妹 - 抖音\11-15 220925\URL\cbef93d4adf2fcbdd82bd12131cda947.webp
https://p3-pc-sign.douyinpic.com/tos-cn-i-0813c001/5105d348111047e7a0432189e2d3ab61~noop.webp?biz_tag=aweme_images&from=3213915784&s=PackSourceEnum_AWEME_DETAIL&se=false&x-expires=1671112800&x-signature=g6NY9ySiPU3drp%2FKEll09u%2FTZe8%3D,D:\八爪鱼下载\一百张纵享丝滑～建议直接翻到57张#沿着虚线 #穿搭 #甜妹 - 抖音\11-15 220925\URL\f946e2357c3db249ca56d1a14e6514b0.webp
https://p6-pc-sign.douyinpic.com/tos-cn-i-0813c001/196eb77be7cf4bc2b10ca875cd5dbb2f~noop.webp?biz_tag=aweme_images&from=3213915784&s=PackSourceEnum_AWEME_DETAIL&se=false&x-expires=1671112800&x-signature=dyWxbd4pL50ESireu%2FJhNDvKYqE%3D,D:\八爪鱼下载\一百张纵享丝滑～建议直接翻到57张#沿着虚线 #穿搭 #甜妹 - 抖音\11-15 220925\URL\f40556ee6455a0124d1e7161e51b8473.webp
https://p9-pc-sign.douyinpic.com/tos-cn-i-0813c001/95cdcee28d8443a6a44d42f87076c52e~noop.webp?biz_tag=aweme_images&from=3213915784&s=PackSourceEnum_AWEME_DETAIL&se=false&x-expires=1671112800&x-signature=PGztHQ1GgOO1JbQ2ZLIozNeVABI%3D,D:\八爪鱼下载\一百张纵享丝滑～建议直接翻到57张#沿着虚线 #穿搭 #甜妹 - 抖音\11-15 220925\URL\b5aa8bc3eb6435983e186f351d0b5fe0.webp
https://p6-pc-sign.douyinpic.com/tos-cn-i-0813c001/a5925d16f4b04c5fbcd67b4985ed402f~noop.webp?biz_tag=aweme_images&from=3213915784&s=PackSourceEnum_AWEME_DETAIL&se=false&x-expires=1671112800&x-signature=LhicZrODyHYIh9raoSGc2EhdCvI%3D,D:\八爪鱼下载\一百张纵享丝滑～建议直接翻到57张#沿着虚线 #穿搭 #甜妹 - 抖音\11-15 220925\URL\915f06bfda24e54e2e7c8565ea394f0b.webp
https://p6-pc-sign.douyinpic.com/tos-cn-i-0813c001/73de59110ce34fd2a68b492fb04466b3~noop.webp?biz_tag=aweme_images&from=3213915784&s=PackSourceEnum_AWEME_DETAIL&se=false&x-expires=1671112800&x-signature=sWP3kr9X8T%2F%2BovE8jygXj1s5%2BEU%3D,D:\八爪鱼下载\一百张纵享丝滑～建议直接翻到57张#沿着虚线 #穿搭 #甜妹 - 抖音\11-15 220925\URL\76d20d6fee7378092dc18ea0c16933b3.webp
https://p9-pc-sign.douyinpic.com/tos-cn-i-0813/4f402231991d4f8997e1d640f57db032~noop.webp?biz_tag=aweme_images&from=3213915784&s=PackSourceEnum_AWEME_DETAIL&se=false&x-expires=1671112800&x-signature=UhjMn%2B6sl%2FaIF%2FWI1cNbKsvrej4%3D,D:\八爪鱼下载\一百张纵享丝滑～建议直接翻到57张#沿着虚线 #穿搭 #甜妹 - 抖音\11-15 220925\URL\02dad7463ffa53bf4ddc2477924113c4.webp
https://p6-pc-sign.douyinpic.com/tos-cn-i-0813/c2d2aa70aa9642d2926c83da16796868~noop.webp?biz_tag=aweme_images&from=3213915784&s=PackSourceEnum_AWEME_DETAIL&se=false&x-expires=1671112800&x-signature=NC4YaK4UyIxUsefXYGTWI2a2o8o%3D,D:\八爪鱼下载\一百张纵享丝滑～建议直接翻到57张#沿着虚线 #穿搭 #甜妹 - 抖音\11-15 220925\URL\d6e24efbce27438676ca6fedef6cc24f.webp
https://p6-pc-sign.douyinpic.com/tos-cn-i-0813/223c12a532254796a05e778baf87cf61~noop.webp?biz_tag=aweme_images&from=3213915784&s=PackSourceEnum_AWEME_DETAIL&se=false&x-expires=1671112800&x-signature=68T%2FHiQt73jdv2283xTmKeNFksE%3D,D:\八爪鱼下载\一百张纵享丝滑～建议直接翻到57张#沿着虚线 #穿搭 #甜妹 - 抖音\11-15 220925\URL\481bd8fd3a140af963795617aeb84efb.webp
https://p6-pc-sign.douyinpic.com/tos-cn-i-0813c001/695f641f32bc4ddc9da4c3b0bc72cf1f~noop.webp?biz_tag=aweme_images&from=3213915784&s=PackSourceEnum_AWEME_DETAIL&se=false&x-expires=1671112800&x-signature=zpkXdaoKdc3lXtNuIggVbc%2ByUoI%3D,D:\八爪鱼下载\一百张纵享丝滑～建议直接翻到57张#沿着虚线 #穿搭 #甜妹 - 抖音\11-15 220925\URL\c5dd2c5569519e22070d67f7a9d2b912.webp
https://p3-pc-sign.douyinpic.com/tos-cn-i-0813c001/463d4117c1b94480a967685938c6921f~noop.webp?biz_tag=aweme_images&from=3213915784&s=PackSourceEnum_AWEME_DETAIL&se=false&x-expires=1671112800&x-signature=VP0c%2FH2h56u9vaCOZhOK1VbiYsc%3D,D:\八爪鱼下载\一百张纵享丝滑～建议直接翻到57张#沿着虚线 #穿搭 #甜妹 - 抖音\11-15 220925\URL\d44db9a4e98754e12da84b358bce71b4.webp
https://p9-pc-sign.douyinpic.com/tos-cn-i-0813/243ea926c7c24c89af1a88106c76543a~noop.webp?biz_tag=aweme_images&from=3213915784&s=PackSourceEnum_AWEME_DETAIL&se=false&x-expires=1671112800&x-signature=G7vCwbrzE%2Biz6YfPAbsJbd0Byxw%3D,D:\八爪鱼下载\一百张纵享丝滑～建议直接翻到57张#沿着虚线 #穿搭 #甜妹 - 抖音\11-15 220925\URL\f1e6f6b336f1929eebbbe068416b2b1e.webp
https://p9-pc-sign.douyinpic.com/tos-cn-i-0813c001/96dd2de6401746d1a43b7826060733a6~noop.webp?biz_tag=aweme_images&from=3213915784&s=PackSourceEnum_AWEME_DETAIL&se=false&x-expires=1671112800&x-signature=f39hCUuuy9d%2FctU1hjIvl8ZODpw%3D,D:\八爪鱼下载\一百张纵享丝滑～建议直接翻到57张#沿着虚线 #穿搭 #甜妹 - 抖音\11-15 220925\URL\cc26d6a78c8385eafceea969596997d5.webp
https://p9-pc-sign.douyinpic.com/tos-cn-i-0813c001/ed274f96a9414955adecb53a78425f58~noop.webp?biz_tag=aweme_images&from=3213915784&s=PackSourceEnum_AWEME_DETAIL&se=false&x-expires=1671112800&x-signature=f6qJQ6%2BsT5vRjMVFe4oUr%2FnX3GY%3D,D:\八爪鱼下载\一百张纵享丝滑～建议直接翻到57张#沿着虚线 #穿搭 #甜妹 - 抖音\11-15 220925\URL\239c9d57748275bd02273912a8f32021.webp
https://p9-pc-sign.douyinpic.com/tos-cn-i-0813/f24ab2979a3c4ca48adb4d0a3143bd22~noop.webp?biz_tag=aweme_images&from=3213915784&s=PackSourceEnum_AWEME_DETAIL&se=false&x-expires=1671112800&x-signature=6%2FHesJXK8C7GS9YMXtsjZ2BHgaE%3D,D:\八爪鱼下载\一百张纵享丝滑～建议直接翻到57张#沿着虚线 #穿搭 #甜妹 - 抖音\11-15 220925\URL\00f8128276a5da637ab4ce940a7930a6.webp
https://p6-pc-sign.douyinpic.com/tos-cn-i-0813/3bc4d3aa8e0b40d2acbcb71fb0a04b8c~noop.webp?biz_tag=aweme_images&from=3213915784&s=PackSourceEnum_AWEME_DETAIL&se=false&x-expires=1671112800&x-signature=sQ0eLCKRZtlrDoLdzaKsE%2F%2FHdO4%3D,D:\八爪鱼下载\一百张纵享丝滑～建议直接翻到57张#沿着虚线 #穿搭 #甜妹 - 抖音\11-15 220925\URL\43ce8ec1a68c9931ec64661835b557f6.webp
https://p3-pc-sign.douyinpic.com/tos-cn-i-0813/c033d58b84b5454f92819b76ff0536dc~noop.webp?biz_tag=aweme_images&from=3213915784&s=PackSourceEnum_AWEME_DETAIL&se=false&x-expires=1671112800&x-signature=hKRwQxxYB4jeHwCxUMV567cJG60%3D,D:\八爪鱼下载\一百张纵享丝滑～建议直接翻到57张#沿着虚线 #穿搭 #甜妹 - 抖音\11-15 220925\URL\0fc53ee695db03225d6a4ba2529eae1d.webp
https://p6-pc-sign.douyinpic.com/tos-cn-i-0813/d90ba1b4a61b424b96ab940161c30990~noop.webp?biz_tag=aweme_images&from=3213915784&s=PackSourceEnum_AWEME_DETAIL&se=false&x-expires=1671112800&x-signature=Zc%2F3NXWpwB0UyZ8PD4KlCH2T7u8%3D,D:\八爪鱼下载\一百张纵享丝滑～建议直接翻到57张#沿着虚线 #穿搭 #甜妹 - 抖音\11-15 220925\URL\8b8979637f70daeedfaca8a64a97377e.webp
https://p3-pc-sign.douyinpic.com/tos-cn-i-0813/96271c91d19944eaa4bbacc3a9b0c615~noop.webp?biz_tag=aweme_images&from=3213915784&s=PackSourceEnum_AWEME_DETAIL&se=false&x-expires=1671112800&x-signature=cezCgwMcGmnP2kzZCSpbutgU9Ko%3D,D:\八爪鱼下载\一百张纵享丝滑～建议直接翻到57张#沿着虚线 #穿搭 #甜妹 - 抖音\11-15 220925\URL\7957500ed1f3a4c907935f42f523e375.webp
https://p9-pc-sign.douyinpic.com/tos-cn-i-0813c001/333a1e3cd3cb4cd8a00df9e2cbe373df~noop.webp?biz_tag=aweme_images&from=3213915784&s=PackSourceEnum_AWEME_DETAIL&se=false&x-expires=1671112800&x-signature=M8Q4QlLzycQlDia1%2B4wqNPkGWgI%3D,D:\八爪鱼下载\一百张纵享丝滑～建议直接翻到57张#沿着虚线 #穿搭 #甜妹 - 抖音\11-15 220925\URL\d100512247db8b43443ea95af8c0f12d.webp
https://p6-pc-sign.douyinpic.com/tos-cn-i-0813c001/3deddccde66941b3a45b054a4be8320b~noop.webp?biz_tag=aweme_images&from=3213915784&s=PackSourceEnum_AWEME_DETAIL&se=false&x-expires=1671112800&x-signature=LnxypZdL3y5Q%2FZvSy5wYKzLoLpM%3D,D:\八爪鱼下载\一百张纵享丝滑～建议直接翻到57张#沿着虚线 #穿搭 #甜妹 - 抖音\11-15 220925\URL\6a89c266edd974c040c18311b54d7125.webp
https://p9-pc-sign.douyinpic.com/tos-cn-i-0813c001/164b3bb724264de58ce9ab1b75be5c61~noop.webp?biz_tag=aweme_images&from=3213915784&s=PackSourceEnum_AWEME_DETAIL&se=false&x-expires=1671112800&x-signature=buwdHA6wj7lMb5MZmfdkwPwACw0%3D,D:\八爪鱼下载\一百张纵享丝滑～建议直接翻到57张#沿着虚线 #穿搭 #甜妹 - 抖音\11-15 220925\URL\0a98b631063c0efe0c2d5395e1302bf8.webp
https://p3-pc-sign.douyinpic.com/tos-cn-i-0813c001/795f22b28bd9437faf668e71b74d782f~noop.webp?biz_tag=aweme_images&from=3213915784&s=PackSourceEnum_AWEME_DETAIL&se=false&x-expires=1671112800&x-signature=sAH2zZVp%2F4XHmbr02BaXjhLrXQ0%3D,D:\八爪鱼下载\一百张纵享丝滑～建议直接翻到57张#沿着虚线 #穿搭 #甜妹 - 抖音\11-15 220925\URL\724c9bfcffa5f8435a2da7e7f64c2e06.webp
https://p6-pc-sign.douyinpic.com/tos-cn-i-0813c001/a32ccfe60f244162b2131773d47c9123~noop.webp?biz_tag=aweme_images&from=3213915784&s=PackSourceEnum_AWEME_DETAIL&se=false&x-expires=1671112800&x-signature=T4Jo95ocRvOGE1mCBD9AdWYbOB4%3D,D:\八爪鱼下载\一百张纵享丝滑～建议直接翻到57张#沿着虚线 #穿搭 #甜妹 - 抖音\11-15 220925\URL\5a65725b7ca8dc52f22a6aa4b0d9b02a.webp
https://p6-pc-sign.douyinpic.com/tos-cn-i-0813/89b5ae47c1a84635b4e9bf6ccf11adf5~noop.webp?biz_tag=aweme_images&from=3213915784&s=PackSourceEnum_AWEME_DETAIL&se=false&x-expires=1671112800&x-signature=GuJUwf1lr2aon05tu7phP3IYeP8%3D,D:\八爪鱼下载\一百张纵享丝滑～建议直接翻到57张#沿着虚线 #穿搭 #甜妹 - 抖音\11-15 220925\URL\a4b62a24ccdf3666612a65125cf6142a.webp
https://p6-pc-sign.douyinpic.com/tos-cn-i-0813c001/faa0ab5af4f04e638d34c08cb41416eb~noop.webp?biz_tag=aweme_images&from=3213915784&s=PackSourceEnum_AWEME_DETAIL&se=false&x-expires=1671112800&x-signature=hJMQK9fkDGqd055F53bkhgxvl0g%3D,D:\八爪鱼下载\一百张纵享丝滑～建议直接翻到57张#沿着虚线 #穿搭 #甜妹 - 抖音\11-15 220925\URL\85f126c97f95f9267db4b3507f6bd807.webp
https://p3-pc-sign.douyinpic.com/tos-cn-i-0813/87ca649acc094382a172fd18ce32f894~noop.webp?biz_tag=aweme_images&from=3213915784&s=PackSourceEnum_AWEME_DETAIL&se=false&x-expires=1671112800&x-signature=bjbjICH5t3K5JxmS8Z1RqwmJmCk%3D,D:\八爪鱼下载\一百张纵享丝滑～建议直接翻到57张#沿着虚线 #穿搭 #甜妹 - 抖音\11-15 220925\URL\db56d6332ef8d68b8fee20194a6d13df.webp
https://p3-pc-sign.douyinpic.com/tos-cn-i-0813/719d1532c1004d4999fbe0cc39fa7b8a~noop.webp?biz_tag=aweme_images&from=3213915784&s=PackSourceEnum_AWEME_DETAIL&se=false&x-expires=1671112800&x-signature=xmesulQ2MyQMo1ezcn3dAptmp2s%3D,D:\八爪鱼下载\一百张纵享丝滑～建议直接翻到57张#沿着虚线 #穿搭 #甜妹 - 抖音\11-15 220925\URL\15dbac209f4e200d40911c5bfca9370d.webp
https://p6-pc-sign.douyinpic.com/tos-cn-i-0813c001/ec033f53a974458ea1566cf0894c72db~noop.webp?biz_tag=aweme_images&from=3213915784&s=PackSourceEnum_AWEME_DETAIL&se=false&x-expires=1671112800&x-signature=HeEjOpSzD1fokteuQ3YFQj9UVAA%3D,D:\八爪鱼下载\一百张纵享丝滑～建议直接翻到57张#沿着虚线 #穿搭 #甜妹 - 抖音\11-15 220925\URL\00495d7b903e02b5b5780805497db399.webp
https://p3-pc-sign.douyinpic.com/tos-cn-i-0813/b5ab907355bd4926b26df94e2c791791~noop.webp?biz_tag=aweme_images&from=3213915784&s=PackSourceEnum_AWEME_DETAIL&se=false&x-expires=1671112800&x-signature=NqLOcAfG%2FVV3Wu73m6BzuJ5kPMo%3D,D:\八爪鱼下载\一百张纵享丝滑～建议直接翻到57张#沿着虚线 #穿搭 #甜妹 - 抖音\11-15 220925\URL\cce7c8834de29309727f911d43ed4b09.webp
https://p9-pc-sign.douyinpic.com/tos-cn-i-0813/3b5671c940e941009725507c025e7408~noop.webp?biz_tag=aweme_images&from=3213915784&s=PackSourceEnum_AWEME_DETAIL&se=false&x-expires=1671112800&x-signature=MJHE7Yj8V%2FuAraPESMq8vjH9yeg%3D,
https://p6-pc-sign.douyinpic.com/tos-cn-i-0813c001/da4e03ccb6b24fdea7964796ccc5c62d~noop.webp?biz_tag=aweme_images&from=3213915784&s=PackSourceEnum_AWEME_DETAIL&se=false&x-expires=1671112800&x-signature=oe8bT03ORguRu7kvKwQYp2Kxdlc%3D,D:\八爪鱼下载\一百张纵享丝滑～建议直接翻到57张#沿着虚线 #穿搭 #甜妹 - 抖音\11-15 220925\URL\5a410dbf38278ce85941c66f9c4e632c.webp
https://p9-pc-sign.douyinpic.com/tos-cn-i-0813c001/8f23a835f83945f0be3fd2d2d7b5c411~noop.webp?biz_tag=aweme_images&from=3213915784&s=PackSourceEnum_AWEME_DETAIL&se=false&x-expires=1671112800&x-signature=xIOcAFbNkPpslTMFOHtQlwubiG4%3D,D:\八爪鱼下载\一百张纵享丝滑～建议直接翻到57张#沿着虚线 #穿搭 #甜妹 - 抖音\11-15 220925\URL\e13dac71d62956ab2595806bfa7a2207.webp
https://p6-pc-sign.douyinpic.com/tos-cn-i-0813/d66c7e1aed254b2ea1ff1e56d920529a~noop.webp?biz_tag=aweme_images&from=3213915784&s=PackSourceEnum_AWEME_DETAIL&se=false&x-expires=1671112800&x-signature=Y%2FTMmsiBkEwqcvZcm%2Ban37KCGvA%3D,D:\八爪鱼下载\一百张纵享丝滑～建议直接翻到57张#沿着虚线 #穿搭 #甜妹 - 抖音\11-15 220925\URL\3a0700980e2dd514cb9abead79cfb571.webp
https://p6-pc-sign.douyinpic.com/tos-cn-i-0813c001/9f15864ad9c64c45a9ce213ee7e5f3f0~noop.webp?biz_tag=aweme_images&from=3213915784&s=PackSourceEnum_AWEME_DETAIL&se=false&x-expires=1671112800&x-signature=luTOrJZTGFf%2Foov5i4dj9yihdfQ%3D,D:\八爪鱼下载\一百张纵享丝滑～建议直接翻到57张#沿着虚线 #穿搭 #甜妹 - 抖音\11-15 220925\URL\7fc897ca0f4fd1b46de3168658d0edaf.webp
https://p6-pc-sign.douyinpic.com/tos-cn-i-0813/62788b7fea344247ac46eda98e7d939d~noop.webp?biz_tag=aweme_images&from=3213915784&s=PackSourceEnum_AWEME_DETAIL&se=false&x-expires=1671112800&x-signature=aa1AbkpD0jOYEGCSNtGK9RoQGB4%3D,D:\八爪鱼下载\一百张纵享丝滑～建议直接翻到57张#沿着虚线 #穿搭 #甜妹 - 抖音\11-15 220925\URL\c722e91b66baf783390f492935ac9667.webp
https://p3-pc-sign.douyinpic.com/tos-cn-i-0813/661ef7098d64473ba3b172e74cdd3084~noop.webp?biz_tag=aweme_images&from=3213915784&s=PackSourceEnum_AWEME_DETAIL&se=false&x-expires=1671112800&x-signature=tVHphWE0e%2B%2BvR4c4k0vazA3y92w%3D,D:\八爪鱼下载\一百张纵享丝滑～建议直接翻到57张#沿着虚线 #穿搭 #甜妹 - 抖音\11-15 220925\URL\2d8906219694fa930d439e3f36b49f52.webp
https://p3-pc-sign.douyinpic.com/tos-cn-i-0813/1a063dd4172e4e55948407eb1dae6692~noop.webp?biz_tag=aweme_images&from=3213915784&s=PackSourceEnum_AWEME_DETAIL&se=false&x-expires=1671112800&x-signature=l0PySuvPVIDJqAXOLHi8OdvBr4k%3D,D:\八爪鱼下载\一百张纵享丝滑～建议直接翻到57张#沿着虚线 #穿搭 #甜妹 - 抖音\11-15 220925\URL\fd629924e65b4b4452b27250c587a536.webp
https://p9-pc-sign.douyinpic.com/tos-cn-i-0813c001/965c57880a5e448190da37b70ea14cfa~noop.webp?biz_tag=aweme_images&from=3213915784&s=PackSourceEnum_AWEME_DETAIL&se=false&x-expires=1671112800&x-signature=8EF0pPU8qRoHXbnfHVDmrEWJiBs%3D,
https://p9-pc-sign.douyinpic.com/tos-cn-i-0813/699b2a6ce2454cd48bda36c8bf0e27eb~noop.webp?biz_tag=aweme_images&from=3213915784&s=PackSourceEnum_AWEME_DETAIL&se=false&x-expires=1671112800&x-signature=AbHilGO8FYF6GjwzuaZNlnRO5eA%3D,
https://p6-pc-sign.douyinpic.com/tos-cn-i-0813/6a4b6921c5d94a5f87a5ad3710c59791~noop.webp?biz_tag=aweme_images&from=3213915784&s=PackSourceEnum_AWEME_DETAIL&se=false&x-expires=1671112800&x-signature=BbDuJrlrDERC9e4OU%2BN8vRQotAQ%3D,D:\八爪鱼下载\一百张纵享丝滑～建议直接翻到57张#沿着虚线 #穿搭 #甜妹 - 抖音\11-15 220925\URL\2483e867ab7eef97e64a5eb292ba0312.webp
https://p9-pc-sign.douyinpic.com/tos-cn-i-0813/41304832c27f40118e31581337d21fb2~noop.webp?biz_tag=aweme_images&from=3213915784&s=PackSourceEnum_AWEME_DETAIL&se=false&x-expires=1671112800&x-signature=nkRXeEoWAMr5L4UwFmil0PMBIrU%3D,D:\八爪鱼下载\一百张纵享丝滑～建议直接翻到57张#沿着虚线 #穿搭 #甜妹 - 抖音\11-15 220925\URL\6f9389696ae0d3875ad76e63a1ff48c5.webp
https://p9-pc-sign.douyinpic.com/tos-cn-i-0813/7c67b4377c7c4b919981c1a129089fcb~noop.webp?biz_tag=aweme_images&from=3213915784&s=PackSourceEnum_AWEME_DETAIL&se=false&x-expires=1671112800&x-signature=ZxgyHRmq6ya%2BomC7sYsDqWxkOMg%3D,D:\八爪鱼下载\一百张纵享丝滑～建议直接翻到57张#沿着虚线 #穿搭 #甜妹 - 抖音\11-15 220925\URL\bea8a233785ae11298bb100bcb851630.webp
https://p6-pc-sign.douyinpic.com/tos-cn-i-0813c001/edea40968e03431aa64db406b5a5d382~noop.webp?biz_tag=aweme_images&from=3213915784&s=PackSourceEnum_AWEME_DETAIL&se=false&x-expires=1671112800&x-signature=lMw2GzCXYqfSNjSSVbK5hSqkm9g%3D,D:\八爪鱼下载\一百张纵享丝滑～建议直接翻到57张#沿着虚线 #穿搭 #甜妹 - 抖音\11-15 220925\URL\b3a12220e5baf557e9ef7c2334d45ac2.webp
https://p9-pc-sign.douyinpic.com/tos-cn-i-0813c001/c41726675cbe4e4c95db41f3d3740446~noop.webp?biz_tag=aweme_images&from=3213915784&s=PackSourceEnum_AWEME_DETAIL&se=false&x-expires=1671112800&x-signature=%2FseLvvftMqhu3m%2FLh4VywaesFRk%3D,D:\八爪鱼下载\一百张纵享丝滑～建议直接翻到57张#沿着虚线 #穿搭 #甜妹 - 抖音\11-15 220925\URL\973ad788909287ba161d10af3d4c7b7b.webp
https://p9-pc-sign.douyinpic.com/tos-cn-i-0813/ed79e0a8abde4246b40c96d1b0b3bcba~noop.webp?biz_tag=aweme_images&from=3213915784&s=PackSourceEnum_AWEME_DETAIL&se=false&x-expires=1671112800&x-signature=HG%2F1Fk8ktu9AYrG%2BBzLNjDXZ5d0%3D,D:\八爪鱼下载\一百张纵享丝滑～建议直接翻到57张#沿着虚线 #穿搭 #甜妹 - 抖音\11-15 220925\URL\c7e3f2265480d2cc72e735bd941ee8f1.webp
https://p9-pc-sign.douyinpic.com/tos-cn-i-0813c001/45758a9cff064007a65c9ba3dd4d0d3b~noop.webp?biz_tag=aweme_images&from=3213915784&s=PackSourceEnum_AWEME_DETAIL&se=false&x-expires=1671112800&x-signature=CWecn9URk8M5w1ptgVdOxmuMKh8%3D,D:\八爪鱼下载\一百张纵享丝滑～建议直接翻到57张#沿着虚线 #穿搭 #甜妹 - 抖音\11-15 220925\URL\815a8dc49a8b167b74d10863cb6c0e0b.webp
https://p3-pc-sign.douyinpic.com/tos-cn-i-0813/57e58157ebda4de389ac20b24759eef3~noop.webp?biz_tag=aweme_images&from=3213915784&s=PackSourceEnum_AWEME_DETAIL&se=false&x-expires=1671112800&x-signature=Ua8OOVWFeZVOa7Xb56bJ8GinHHg%3D,D:\八爪鱼下载\一百张纵享丝滑～建议直接翻到57张#沿着虚线 #穿搭 #甜妹 - 抖音\11-15 220925\URL\3739f36bea4637ca3c58bf15cc3e3d0e.webp
https://p9-pc-sign.douyinpic.com/tos-cn-i-0813c001/82ac1794f52e4586985841c870c3c445~noop.webp?biz_tag=aweme_images&from=3213915784&s=PackSourceEnum_AWEME_DETAIL&se=false&x-expires=1671112800&x-signature=rZCTsfCej9NH%2BDYxV456kk98vTU%3D,D:\八爪鱼下载\一百张纵享丝滑～建议直接翻到57张#沿着虚线 #穿搭 #甜妹 - 抖音\11-15 220925\URL\9134eded48fb83c1e19598e3ba3d010b.webp
https://p3-pc-sign.douyinpic.com/tos-cn-i-0813c001/97b7a96b2b9f4a7aa049d113b1fecbc3~noop.webp?biz_tag=aweme_images&from=3213915784&s=PackSourceEnum_AWEME_DETAIL&se=false&x-expires=1671112800&x-signature=fpvElf4MO6ObcYiRam4GQ2tdWro%3D,D:\八爪鱼下载\一百张纵享丝滑～建议直接翻到57张#沿着虚线 #穿搭 #甜妹 - 抖音\11-15 220925\URL\0b5b12262f57ef33a2183ce3b2cfb8e0.webp
https://p6-pc-sign.douyinpic.com/tos-cn-i-0813c001/f6a025ea2c11400a8dc6035c17030efc~noop.webp?biz_tag=aweme_images&from=3213915784&s=PackSourceEnum_AWEME_DETAIL&se=false&x-expires=1671112800&x-signature=cloMtDOXPihXuVAFqb8R61FCTw8%3D,D:\八爪鱼下载\一百张纵享丝滑～建议直接翻到57张#沿着虚线 #穿搭 #甜妹 - 抖音\11-15 220925\URL\1be31c9c8df9836f702c09d779a52070.webp
https://p3-pc-sign.douyinpic.com/tos-cn-i-0813/6f0ff67df85d405eb0ce1d2d0762c297~noop.webp?biz_tag=aweme_images&from=3213915784&s=PackSourceEnum_AWEME_DETAIL&se=false&x-expires=1671112800&x-signature=peovptEW1ipgZvtVKgWuHN4pQa8%3D,D:\八爪鱼下载\一百张纵享丝滑～建议直接翻到57张#沿着虚线 #穿搭 #甜妹 - 抖音\11-15 220925\URL\996a17badc5dfe601d30611ca6425bc9.webp
https://p6-pc-sign.douyinpic.com/tos-cn-i-0813/71dd18022f8c4ca1bee75f5292d864f8~noop.webp?biz_tag=aweme_images&from=3213915784&s=PackSourceEnum_AWEME_DETAIL&se=false&x-expires=1671112800&x-signature=Q6g1MUJPv5Tsz1qHVPUz3vCamSY%3D,D:\八爪鱼下载\一百张纵享丝滑～建议直接翻到57张#沿着虚线 #穿搭 #甜妹 - 抖音\11-15 220925\URL\2723941bd6a52617fa4d5a88bbde3adc.webp
https://p9-pc-sign.douyinpic.com/tos-cn-i-0813/76e654a5d82a4379aed997ae57b7bea6~noop.webp?biz_tag=aweme_images&from=3213915784&s=PackSourceEnum_AWEME_DETAIL&se=false&x-expires=1671112800&x-signature=HJEAr76OUOzl69RB0D%2B45tV2J7c%3D,D:\八爪鱼下载\一百张纵享丝滑～建议直接翻到57张#沿着虚线 #穿搭 #甜妹 - 抖音\11-15 220925\URL\a5c58e73da98bd44c30d7faad4a546b9.webp
https://p3-pc-sign.douyinpic.com/tos-cn-i-0813c001/c71b0e36649a4faabf323035243ed4ca~noop.webp?biz_tag=aweme_images&from=3213915784&s=PackSourceEnum_AWEME_DETAIL&se=false&x-expires=1671112800&x-signature=BtW8eu00XD9NYyhWDWRBXOoLp%2FA%3D,D:\八爪鱼下载\一百张纵享丝滑～建议直接翻到57张#沿着虚线 #穿搭 #甜妹 - 抖音\11-15 220925\URL\5f6b7ba8440ed4c3a3729be94c51594c.webp
https://p6-pc-sign.douyinpic.com/tos-cn-i-0813/1fe917a5f37d4f6288f5d5e582a741eb~noop.webp?biz_tag=aweme_images&from=3213915784&s=PackSourceEnum_AWEME_DETAIL&se=false&x-expires=1671112800&x-signature=P3sRjG%2FYpGYA25EoxgiYeHNS5EE%3D,D:\八爪鱼下载\一百张纵享丝滑～建议直接翻到57张#沿着虚线 #穿搭 #甜妹 - 抖音\11-15 220925\URL\10ffda2faec5b2a7176030d27f54151e.webp
https://p6-pc-sign.douyinpic.com/tos-cn-i-0813/9bf1ee809eae457fb4b6a90161b27a91~noop.webp?biz_tag=aweme_images&from=3213915784&s=PackSourceEnum_AWEME_DETAIL&se=false&x-expires=1671112800&x-signature=0IvZnQ0Ay3Ci7L%2F%2B4Nwoh6ekcu8%3D,D:\八爪鱼下载\一百张纵享丝滑～建议直接翻到57张#沿着虚线 #穿搭 #甜妹 - 抖音\11-15 220925\URL\5c4278901e6d1acf68ad27497747b803.webp
https://p3-pc-sign.douyinpic.com/tos-cn-i-0813c001/74b6ce1acf944b3bae175d830e7db8ed~noop.webp?biz_tag=aweme_images&from=3213915784&s=PackSourceEnum_AWEME_DETAIL&se=false&x-expires=1671112800&x-signature=tQaYeYg9y%2FeaKWlvtp6HF5rwrYI%3D,D:\八爪鱼下载\一百张纵享丝滑～建议直接翻到57张#沿着虚线 #穿搭 #甜妹 - 抖音\11-15 220925\URL\5ceb27f8243469440544207045a95e1b.webp
https://p9-pc-sign.douyinpic.com/tos-cn-i-0813/db1923b69b654c849aaafcbdcf10a406~noop.webp?biz_tag=aweme_images&from=3213915784&s=PackSourceEnum_AWEME_DETAIL&se=false&x-expires=1671112800&x-signature=mUxlTvUCFZjlZoFiIxeFgwdMszg%3D,D:\八爪鱼下载\一百张纵享丝滑～建议直接翻到57张#沿着虚线 #穿搭 #甜妹 - 抖音\11-15 220925\URL\1c2220803b130ef0fd15dc2750cd2f6a.webp
https://p6-pc-sign.douyinpic.com/tos-cn-i-0813c001/7aabc9dcf32e4bdb9d6d3a203c0fec3c~noop.webp?biz_tag=aweme_images&from=3213915784&s=PackSourceEnum_AWEME_DETAIL&se=false&x-expires=1671112800&x-signature=TFybEsDz1h8jyyhG2k8EU0t9IL0%3D,D:\八爪鱼下载\一百张纵享丝滑～建议直接翻到57张#沿着虚线 #穿搭 #甜妹 - 抖音\11-15 220925\URL\a9b50b9f23f48f35d9d27c3d413c84dd.webp
https://p9-pc-sign.douyinpic.com/tos-cn-i-0813/0e1f7935e9884d7984395809788b30d7~noop.webp?biz_tag=aweme_images&from=3213915784&s=PackSourceEnum_AWEME_DETAIL&se=false&x-expires=1671112800&x-signature=IMUgCsQ3KovdAq8iOtLqNw2Rdoc%3D,D:\八爪鱼下载\一百张纵享丝滑～建议直接翻到57张#沿着虚线 #穿搭 #甜妹 - 抖音\11-15 220925\URL\6915890920de499ce52dadb199e38469.webp
https://p6-pc-sign.douyinpic.com/tos-cn-i-0813/b8e4f8cd562c48ffab57f5ccfff12a13~noop.webp?biz_tag=aweme_images&from=3213915784&s=PackSourceEnum_AWEME_DETAIL&se=false&x-expires=1671112800&x-signature=dTzyoYTmerQAdIIn5g8WsGwMsrc%3D,D:\八爪鱼下载\一百张纵享丝滑～建议直接翻到57张#沿着虚线 #穿搭 #甜妹 - 抖音\11-15 220925\URL\7624c326a399a86bf221a938d77a2fee.webp
https://p6-pc-sign.douyinpic.com/tos-cn-i-0813/55689a037d7644609148353207bba684~noop.webp?biz_tag=aweme_images&from=3213915784&s=PackSourceEnum_AWEME_DETAIL&se=false&x-expires=1671112800&x-signature=RLtEpUbx%2BXyFaB5ujDVTrQtIcZ4%3D,D:\八爪鱼下载\一百张纵享丝滑～建议直接翻到57张#沿着虚线 #穿搭 #甜妹 - 抖音\11-15 220925\URL\9bb75298b77c66511cfd8abaeab99d73.webp
https://p3-pc-sign.douyinpic.com/tos-cn-i-0813/e132e865f23f44768a0fcff1a757e5e2~noop.webp?biz_tag=aweme_images&from=3213915784&s=PackSourceEnum_AWEME_DETAIL&se=false&x-expires=1671112800&x-signature=%2Bl4xEMeJu3%2F%2FH706PaoAnmVaMW0%3D,D:\八爪鱼下载\一百张纵享丝滑～建议直接翻到57张#沿着虚线 #穿搭 #甜妹 - 抖音\11-15 220925\URL\4c4c870dbe91433789f106d71fe29ab8.webp
https://p3-pc-sign.douyinpic.com/tos-cn-i-0813/6e2dace390e240bfb2932390317839f1~noop.webp?biz_tag=aweme_images&from=3213915784&s=PackSourceEnum_AWEME_DETAIL&se=false&x-expires=1671112800&x-signature=pf4YiwdEx3wMp1sI8NdqPTn5oLQ%3D,D:\八爪鱼下载\一百张纵享丝滑～建议直接翻到57张#沿着虚线 #穿搭 #甜妹 - 抖音\11-15 220925\URL\6cb9ef962bbfe2966ad2f829441370f8.webp
https://p6-pc-sign.douyinpic.com/tos-cn-i-0813c001/4c5500249e5d4124acf1a2f018dc3fe7~noop.webp?biz_tag=aweme_images&from=3213915784&s=PackSourceEnum_AWEME_DETAIL&se=false&x-expires=1671112800&x-signature=%2FT1mZSGem44UAPENMkj4oF%2BbQ8I%3D,D:\八爪鱼下载\一百张纵享丝滑～建议直接翻到57张#沿着虚线 #穿搭 #甜妹 - 抖音\11-15 220925\URL\6f94c09f7db251d0607e12d252d5f86c.webp
https://p6-pc-sign.douyinpic.com/tos-cn-i-0813c001/0a18803cda2a40d8a1a093a75503a236~noop.webp?biz_tag=aweme_images&from=3213915784&s=PackSourceEnum_AWEME_DETAIL&se=false&x-expires=1671112800&x-signature=CYASDTl7aBD2xG5MfypvbiUbwkw%3D,D:\八爪鱼下载\一百张纵享丝滑～建议直接翻到57张#沿着虚线 #穿搭 #甜妹 - 抖音\11-15 220925\URL\0b18844373f6e8cbc146a47aac775c2b.webp
https://p9-pc-sign.douyinpic.com/tos-cn-i-0813/ea7375be50b14ca8a8b990575a757ed7~noop.webp?biz_tag=aweme_images&from=3213915784&s=PackSourceEnum_AWEME_DETAIL&se=false&x-expires=1671112800&x-signature=XZO6MZk2seZfhrTdwZgduIztY1Y%3D,D:\八爪鱼下载\一百张纵享丝滑～建议直接翻到57张#沿着虚线 #穿搭 #甜妹 - 抖音\11-15 220925\URL\d1180ff1a4b035a5e0ca1998fcfeb95a.webp
https://p3-pc-sign.douyinpic.com/tos-cn-i-0813/06dc09fb76a947d9b023dc4a9350272d~noop.webp?biz_tag=aweme_images&from=3213915784&s=PackSourceEnum_AWEME_DETAIL&se=false&x-expires=1671112800&x-signature=6uqFBTGMEdMJZ2K57wGAYDS9Sus%3D,D:\八爪鱼下载\一百张纵享丝滑～建议直接翻到57张#沿着虚线 #穿搭 #甜妹 - 抖音\11-15 220925\URL\41f1f0dada6f49e5218de3543f654839.webp
https://p9-pc-sign.douyinpic.com/tos-cn-i-0813c001/ef1d1d14068349708dc1701218e73b92~noop.webp?biz_tag=aweme_images&from=3213915784&s=PackSourceEnum_AWEME_DETAIL&se=false&x-expires=1671112800&x-signature=9EXnAd4ee2mYVwpSr2BXdZ2iQNQ%3D,D:\八爪鱼下载\一百张纵享丝滑～建议直接翻到57张#沿着虚线 #穿搭 #甜妹 - 抖音\11-15 220925\URL\1f12f8964063eadb024b0862c2d09965.webp
https://p9-pc-sign.douyinpic.com/tos-cn-i-0813/31e7e9696dd24549afbac3bea7a4350e~noop.webp?biz_tag=aweme_images&from=3213915784&s=PackSourceEnum_AWEME_DETAIL&se=false&x-expires=1671112800&x-signature=u1j2n%2FXVMLbuLTbIyRDKxtTgDTA%3D,D:\八爪鱼下载\一百张纵享丝滑～建议直接翻到57张#沿着虚线 #穿搭 #甜妹 - 抖音\11-15 220925\URL\f5c84840d4fb8f4ba02565c93075491b.webp
https://p3-pc-sign.douyinpic.com/tos-cn-i-0813/4d4e343c73d2459e91856dc7c0403ac1~noop.webp?biz_tag=aweme_images&from=3213915784&s=PackSourceEnum_AWEME_DETAIL&se=false&x-expires=1671112800&x-signature=YpdMn6CZ7lmwmAhJg4gQ8qIsEhk%3D,D:\八爪鱼下载\一百张纵享丝滑～建议直接翻到57张#沿着虚线 #穿搭 #甜妹 - 抖音\11-15 220925\URL\9673c0a05437a06f17f585bde8e527f6.webp
https://p9-pc-sign.douyinpic.com/tos-cn-i-0813/931572e62b1146acb3244ead9d2b6cfb~noop.webp?biz_tag=aweme_images&from=3213915784&s=PackSourceEnum_AWEME_DETAIL&se=false&x-expires=1671112800&x-signature=WB5MGEq93IsJsbY2hS3IPCeKGCI%3D,D:\八爪鱼下载\一百张纵享丝滑～建议直接翻到57张#沿着虚线 #穿搭 #甜妹 - 抖音\11-15 220925\URL\806af5d2684a03c5d072faad93bf67fd.webp
https://p6-pc-sign.douyinpic.com/tos-cn-i-0813/739a536f88cd45a5ae23c99493f6367c~noop.webp?biz_tag=aweme_images&from=3213915784&s=PackSourceEnum_AWEME_DETAIL&se=false&x-expires=1671112800&x-signature=msMRUxhgg%2FdNHTCs0Biwo2pPXd8%3D,D:\八爪鱼下载\一百张纵享丝滑～建议直接翻到57张#沿着虚线 #穿搭 #甜妹 - 抖音\11-15 220925\URL\49180de3bd8d2bb92b2597d2fde195b3.webp
https://p3-pc-sign.douyinpic.com/tos-cn-i-0813/96bc0d5b67154cb8b1eae87fb6e60d75~noop.webp?biz_tag=aweme_images&from=3213915784&s=PackSourceEnum_AWEME_DETAIL&se=false&x-expires=1671112800&x-signature=z%2BpKABae8wIeXeq2JB3H3Ztvve8%3D,D:\八爪鱼下载\一百张纵享丝滑～建议直接翻到57张#沿着虚线 #穿搭 #甜妹 - 抖音\11-15 220925\URL\9982056526ddd3ab253879009abe4ea5.webp
https://p6-pc-sign.douyinpic.com/tos-cn-i-0813/9c1e372b722e49a2a5583688418f032f~noop.webp?biz_tag=aweme_images&from=3213915784&s=PackSourceEnum_AWEME_DETAIL&se=false&x-expires=1671112800&x-signature=TXEXH1ijt%2B0DLRsX%2FGz3OvrXKcY%3D,D:\八爪鱼下载\一百张纵享丝滑～建议直接翻到57张#沿着虚线 #穿搭 #甜妹 - 抖音\11-15 220925\URL\f7fde285e542678010278b2c95938c62.webp
https://p9-pc-sign.douyinpic.com/tos-cn-i-0813c001/2e23d952fb93488f8d6ae4ebf3ea446d~noop.webp?biz_tag=aweme_images&from=3213915784&s=PackSourceEnum_AWEME_DETAIL&se=false&x-expires=1671112800&x-signature=6OGDEg0s3oNfvEgZrOaEae3V6wA%3D,D:\八爪鱼下载\一百张纵享丝滑～建议直接翻到57张#沿着虚线 #穿搭 #甜妹 - 抖音\11-15 220925\URL\d11bbea7121a2bce164dab3f3a2cca08.webp
https://p3-pc-sign.douyinpic.com/tos-cn-i-0813/a0f823b2b20141c685fd281c3fa37502~noop.webp?biz_tag=aweme_images&from=3213915784&s=PackSourceEnum_AWEME_DETAIL&se=false&x-expires=1671112800&x-signature=LMjZlArvKTnHR0NrevIzw4aSr0I%3D,D:\八爪鱼下载\一百张纵享丝滑～建议直接翻到57张#沿着虚线 #穿搭 #甜妹 - 抖音\11-15 220925\URL\16a5cee8514946300fb3e5c627f52a0c.webp
https://p9-pc-sign.douyinpic.com/tos-cn-i-0813c001/856ea70167b744a2a878a641f4be6725~noop.webp?biz_tag=aweme_images&from=3213915784&s=PackSourceEnum_AWEME_DETAIL&se=false&x-expires=1671112800&x-signature=dM9cCbAwpOpPciJa%2BPFDPVVp%2BSU%3D,D:\八爪鱼下载\一百张纵享丝滑～建议直接翻到57张#沿着虚线 #穿搭 #甜妹 - 抖音\11-15 220925\URL\5a2811e294a6ea91fd7376eb873d9013.webp
https://p3-pc-sign.douyinpic.com/tos-cn-i-0813c001/7e44a9c295c54959813bd8b01332af2c~noop.webp?biz_tag=aweme_images&from=3213915784&s=PackSourceEnum_AWEME_DETAIL&se=false&x-expires=1671112800&x-signature=qCoftdQ6zXc6yaWpJwPWbJMl7ds%3D,D:\八爪鱼下载\一百张纵享丝滑～建议直接翻到57张#沿着虚线 #穿搭 #甜妹 - 抖音\11-15 220925\URL\7f76d6afdcbf0782176a741333bc0045.webp
https://p6-pc-sign.douyinpic.com/tos-cn-i-0813/02db991c760a41bba5af0e6f54624709~noop.webp?biz_tag=aweme_images&from=3213915784&s=PackSourceEnum_AWEME_DETAIL&se=false&x-expires=1671112800&x-signature=UKNjLraBmHzENrbhVYvrASpVaIU%3D,D:\八爪鱼下载\一百张纵享丝滑～建议直接翻到57张#沿着虚线 #穿搭 #甜妹 - 抖音\11-15 220925\URL\63bf03b6fdbe97064495ae0778199dc9.webp
https://p9-pc-sign.douyinpic.com/tos-cn-i-0813/d80100a1c6d14f049859e4031061fa73~noop.webp?biz_tag=aweme_images&from=3213915784&s=PackSourceEnum_AWEME_DETAIL&se=false&x-expires=1671112800&x-signature=HmE9SF%2BdEfXOpX7%2BYe7WFyl2tvs%3D,D:\八爪鱼下载\一百张纵享丝滑～建议直接翻到57张#沿着虚线 #穿搭 #甜妹 - 抖音\11-15 220925\URL\9589280637e5d70030c572f3a8b3ef8e.webp
https://p9-pc-sign.douyinpic.com/tos-cn-i-0813c001/e3bd4e8f93eb4272bff961d75837414a~noop.webp?biz_tag=aweme_images&from=3213915784&s=PackSourceEnum_AWEME_DETAIL&se=false&x-expires=1671112800&x-signature=WnNgTlC1mUz0DGqzf5hKZv5FDXw%3D,D:\八爪鱼下载\一百张纵享丝滑～建议直接翻到57张#沿着虚线 #穿搭 #甜妹 - 抖音\11-15 220925\URL\79a90fcb5d8847718d414c009bae798b.webp
https://p9-pc-sign.douyinpic.com/tos-cn-i-0813/87a00df628624fdca1d561410b1cd920~noop.webp?biz_tag=aweme_images&from=3213915784&s=PackSourceEnum_AWEME_DETAIL&se=false&x-expires=1671112800&x-signature=o3tb907mE98B1Ilo3TzbeHyRSHA%3D,D:\八爪鱼下载\一百张纵享丝滑～建议直接翻到57张#沿着虚线 #穿搭 #甜妹 - 抖音\11-15 220925\URL\1a9924cdc042905d7514c96a5afece5e.webp
https://p9-pc-sign.douyinpic.com/tos-cn-i-0813/2174c51e947c48efa3e537464a8bd18e~noop.webp?biz_tag=aweme_images&from=3213915784&s=PackSourceEnum_AWEME_DETAIL&se=false&x-expires=1671112800&x-signature=ouwhNVjeLZj%2B2a9MKfcCvkXbRCY%3D,D:\八爪鱼下载\一百张纵享丝滑～建议直接翻到57张#沿着虚线 #穿搭 #甜妹 - 抖音\11-15 220925\URL\409305a57d805522e41b30d481fc447a.webp
https://p9-pc-sign.douyinpic.com/tos-cn-i-0813c001/5f56f9dd576143f1ba3ed82564a40e08~noop.webp?biz_tag=aweme_images&from=3213915784&s=PackSourceEnum_AWEME_DETAIL&se=false&x-expires=1671112800&x-signature=zmQxYv0ttVqrWZmskGWJyjkEWvw%3D,
https://p9-pc-sign.douyinpic.com/tos-cn-i-0813/8705eb7893da4f2ca537c979f85c4ca6~noop.webp?biz_tag=aweme_images&from=3213915784&s=PackSourceEnum_AWEME_DETAIL&se=false&x-expires=1671112800&x-signature=WvqKGFGy%2FMTmEWGGce%2Feq1xz1DA%3D,D:\八爪鱼下载\一百张纵享丝滑～建议直接翻到57张#沿着虚线 #穿搭 #甜妹 - 抖音\11-15 220925\URL\839dea346e889bc67b8d9f61d4f3c8dc.webp
https://p6-pc-sign.douyinpic.com/tos-cn-i-0813/2d72a099992644c3a3241b720835c84e~noop.webp?biz_tag=aweme_images&from=3213915784&s=PackSourceEnum_AWEME_DETAIL&se=false&x-expires=1671112800&x-signature=185owYfydYFe9qCm5IpdVx%2B2wvA%3D,D:\八爪鱼下载\一百张纵享丝滑～建议直接翻到57张#沿着虚线 #穿搭 #甜妹 - 抖音\11-15 220925\URL\7018c4d6f2d53a2cd11f041d3b72bef0.webp
https://p3-pc-sign.douyinpic.com/tos-cn-i-0813c001/051d31018cb6474698028f45a2fb6054~noop.webp?biz_tag=aweme_images&from=3213915784&s=PackSourceEnum_AWEME_DETAIL&se=false&x-expires=1671112800&x-signature=k40CZrRU1w%2BC0k7b2SW%2FKZWwTaY%3D,D:\八爪鱼下载\一百张纵享丝滑～建议直接翻到57张#沿着虚线 #穿搭 #甜妹 - 抖音\11-15 220925\URL\2d5305d14404a44a7d7fcc257540565d.webp
https://p3-pc-sign.douyinpic.com/tos-cn-i-0813c001/5ac38a22e6484f78b3b8ed1d32276f79~noop.webp?biz_tag=aweme_images&from=3213915784&s=PackSourceEnum_AWEME_DETAIL&se=false&x-expires=1671112800&x-signature=MygC6jo3fZNLqneDAUuG0JhxkY0%3D,D:\八爪鱼下载\一百张纵享丝滑～建议直接翻到57张#沿着虚线 #穿搭 #甜妹 - 抖音\11-15 220925\URL\db56d6332ef8d68b8fee20194a6d13df.webp
https://p9-pc-sign.douyinpic.com/tos-cn-i-0813/e85ccd42998e472ab077ac5985308378~noop.webp?biz_tag=aweme_images&from=3213915784&s=PackSourceEnum_AWEME_DETAIL&se=false&x-expires=1671112800&x-signature=QjSQP65BFjCOxj%2BHHo%2Fh8N69HHg%3D,D:\八爪鱼下载\一百张纵享丝滑～建议直接翻到57张#沿着虚线 #穿搭 #甜妹 - 抖音\11-15 220925\URL\22e376fccd51940a0c1d5445141b2580.webp
https://p9-pc-sign.douyinpic.com/tos-cn-i-0813c001/5b8f543002b04a16b7735313d2c7c8a2~noop.webp?biz_tag=aweme_images&from=3213915784&s=PackSourceEnum_AWEME_DETAIL&se=false&x-expires=1671112800&x-signature=tpqfeDG8EsuTAOxBUUW675arCo4%3D,D:\八爪鱼下载\一百张纵享丝滑～建议直接翻到57张#沿着虚线 #穿搭 #甜妹 - 抖音\11-15 220925\URL\5a410dbf38278ce85941c66f9c4e632c.webp
https://p3-pc-sign.douyinpic.com/tos-cn-i-0813/d508613f655d49beaa2c202692f65989~noop.webp?biz_tag=aweme_images&from=3213915784&s=PackSourceEnum_AWEME_DETAIL&se=false&x-expires=1671112800&x-signature=IBmTBlh69VNyupnoUUM3Uh6Nf8I%3D,D:\八爪鱼下载\一百张纵享丝滑～建议直接翻到57张#沿着虚线 #穿搭 #甜妹 - 抖音\11-15 220925\URL\908ca95e36001004563bd93f4cfd82c7.webp
https://p9-pc-sign.douyinpic.com/tos-cn-i-0813c001/4afc35ef612e442cbdae1141e9ca9f0f~noop.webp?biz_tag=aweme_images&from=3213915784&s=PackSourceEnum_AWEME_DETAIL&se=false&x-expires=1671112800&x-signature=s%2BW3XBPnfWw1l4JwsaT%2BF0xx5Yo%3D,D:\八爪鱼下载\一百张纵享丝滑～建议直接翻到57张#沿着虚线 #穿搭 #甜妹 - 抖音\11-15 220925\URL\ef48f2fc6c6b853c1c1aa43083950473.webp
https://p3-pc-sign.douyinpic.com/tos-cn-i-0813/78ee64384eb041a3818e7b1f939275f2~noop.webp?biz_tag=aweme_images&from=3213915784&s=PackSourceEnum_AWEME_DETAIL&se=false&x-expires=1671112800&x-signature=OcyzM0DmGEdYGayUG3vCcwzYCfM%3D,D:\八爪鱼下载\一百张纵享丝滑～建议直接翻到57张#沿着虚线 #穿搭 #甜妹 - 抖音\11-15 220925\URL\451c200748320086b32571e1e2b44108.webp
https://p9-pc-sign.douyinpic.com/tos-cn-i-0813c001/53d20978310a43c493a4c7cf37d4a121~noop.webp?biz_tag=aweme_images&from=3213915784&s=PackSourceEnum_AWEME_DETAIL&se=false&x-expires=1671112800&x-signature=jyRCkusPtjJ2%2B90wc%2BJa1Ugd4Yo%3D,D:\八爪鱼下载\一百张纵享丝滑～建议直接翻到57张#沿着虚线 #穿搭 #甜妹 - 抖音\11-15 220925\URL\ad6764f159007c0dcb94d2b406f53d95.webp
