URL,字段1
https://p6-pc-sign.douyinpic.com/tos-cn-i-0813/62311a8a5225484c81d53575dc89c08a~noop.webp?biz_tag=aweme_images&from=3213915784&s=PackSourceEnum_AWEME_DETAIL&se=false&x-expires=1671105600&x-signature=iEsvCh1ZlpOu6JrnHGvdoZeHlCg%3D,
https://p3-pc-sign.douyinpic.com/tos-cn-i-0813/af16f43855b643fb9ab809c8fca65738~noop.webp?biz_tag=aweme_images&from=3213915784&s=PackSourceEnum_AWEME_DETAIL&se=false&x-expires=1671105600&x-signature=ndf9B1IXR%2FmL%2Bj4Y8%2FrUDF2M8o8%3D,
https://p6-pc-sign.douyinpic.com/tos-cn-i-0813/99739d75b774459c82d6bf894f080f22~noop.webp?biz_tag=aweme_images&from=3213915784&s=PackSourceEnum_AWEME_DETAIL&se=false&x-expires=1671105600&x-signature=eMtHIQPasQHeaZt4odCgGHyH%2Byo%3D,
https://p9-pc-sign.douyinpic.com/tos-cn-i-0813/4f8a66d78bcd42ebac769705ce1ea6bb~noop.webp?biz_tag=aweme_images&from=3213915784&s=PackSourceEnum_AWEME_DETAIL&se=false&x-expires=1671105600&x-signature=abWLhCuzeU4ggS9AAqO5zWTlcrU%3D,
https://p3-pc-sign.douyinpic.com/tos-cn-i-0813/d0e68b08c7094a6aaf8b32907553e0c0~noop.webp?biz_tag=aweme_images&from=3213915784&s=PackSourceEnum_AWEME_DETAIL&se=false&x-expires=1671105600&x-signature=xt9EAjNsDXpxI0mP5XnW8p%2BPsZw%3D,
https://p6-pc-sign.douyinpic.com/tos-cn-i-0813/9d87e3f8bb344446a630310172ce633e~noop.webp?biz_tag=aweme_images&from=3213915784&s=PackSourceEnum_AWEME_DETAIL&se=false&x-expires=1671105600&x-signature=guzPahrhLof6H%2FOH%2F0ASWdemrY0%3D,
https://p9-pc-sign.douyinpic.com/tos-cn-i-0813/a64fe30f10e04f3781f6497992212a0b~noop.webp?biz_tag=aweme_images&from=3213915784&s=PackSourceEnum_AWEME_DETAIL&se=false&x-expires=1671105600&x-signature=NOS%2FDtPffea6u6Igfhu%2B7ewtGso%3D,
https://p9-pc-sign.douyinpic.com/tos-cn-i-0813/366ae55c0f9141b3a5e885eaa4008c1e~noop.webp?biz_tag=aweme_images&from=3213915784&s=PackSourceEnum_AWEME_DETAIL&se=false&x-expires=1671105600&x-signature=%2FlVDv9m8IM168LE7Lm06Xiu2t80%3D,
https://p6-pc-sign.douyinpic.com/tos-cn-i-0813/34866136171640f18af7ba0e683bd2e1~noop.webp?biz_tag=aweme_images&from=3213915784&s=PackSourceEnum_AWEME_DETAIL&se=false&x-expires=1671105600&x-signature=kHTT6R48bz8U7Kytoe15Z11mI40%3D,
https://p6-pc-sign.douyinpic.com/tos-cn-i-0813/17fb5e535c0e48b6a77171133e01be23~noop.webp?biz_tag=aweme_images&from=3213915784&s=PackSourceEnum_AWEME_DETAIL&se=false&x-expires=1671105600&x-signature=NxUpuQ34Q2Nyn0XUAbsPXO4TW8U%3D,
https://p6-pc-sign.douyinpic.com/tos-cn-i-0813c001/46ee2b8cd3914fcc86bc2fb58857b9b7~noop.webp?biz_tag=aweme_images&from=3213915784&s=PackSourceEnum_AWEME_DETAIL&se=false&x-expires=1671105600&x-signature=ATzYnAVB2JfttU585ohs8Fjo1Eg%3D,
https://p6-pc-sign.douyinpic.com/tos-cn-i-0813/3dd946b09f894b67a8fd3b82e9701f68~noop.webp?biz_tag=aweme_images&from=3213915784&s=PackSourceEnum_AWEME_DETAIL&se=false&x-expires=1671105600&x-signature=O1uySJqYWpqYYltBIP58dz179gE%3D,
https://p3-pc-sign.douyinpic.com/tos-cn-i-0813/9a92694e8318486d8f7223f9d2df14fc~noop.webp?biz_tag=aweme_images&from=3213915784&s=PackSourceEnum_AWEME_DETAIL&se=false&x-expires=1671105600&x-signature=NTcTaja%2FSX0gsiRPEcJ%2FD91UNWc%3D,
https://p6-pc-sign.douyinpic.com/tos-cn-i-0813/3c6157a788f344a7b6e603af93b78610~noop.webp?biz_tag=aweme_images&from=3213915784&s=PackSourceEnum_AWEME_DETAIL&se=false&x-expires=1671105600&x-signature=ehZC%2FDF7LgBH4oVhJ5Q4oXcPinc%3D,
https://p3-pc-sign.douyinpic.com/tos-cn-i-0813/cba1cf1b82dc40aabfda1e6e8b162b96~noop.webp?biz_tag=aweme_images&from=3213915784&s=PackSourceEnum_AWEME_DETAIL&se=false&x-expires=1671105600&x-signature=uR%2FXcN8wpMJssxGlea86epQanAA%3D,
https://p6-pc-sign.douyinpic.com/tos-cn-i-0813/72d550e0d23b495b9a536fd566f8cf1f~noop.webp?biz_tag=aweme_images&from=3213915784&s=PackSourceEnum_AWEME_DETAIL&se=false&x-expires=1671105600&x-signature=o8hKeZbOY%2FDtYMHaGwUmG%2Ba8obc%3D,
https://p6-pc-sign.douyinpic.com/tos-cn-i-0813/48ec250d17a64e2887627fddc2094fd4~noop.webp?biz_tag=aweme_images&from=3213915784&s=PackSourceEnum_AWEME_DETAIL&se=false&x-expires=1671105600&x-signature=KjD3gcLUAHOCq89TKzQI2wFDJA8%3D,
https://p6-pc-sign.douyinpic.com/tos-cn-i-0813/72e634de9280401fa7887187929de592~noop.webp?biz_tag=aweme_images&from=3213915784&s=PackSourceEnum_AWEME_DETAIL&se=false&x-expires=1671105600&x-signature=qsC0cLm9TE6QjufK%2FYFnvy78v2c%3D,
https://p3-pc-sign.douyinpic.com/tos-cn-i-0813/09ece6f9be4141b7897a4ec40a91a069~noop.webp?biz_tag=aweme_images&from=3213915784&s=PackSourceEnum_AWEME_DETAIL&se=false&x-expires=1671105600&x-signature=rei4nMKxW83EB9HRf0EMgKHQc8I%3D,
https://p9-pc-sign.douyinpic.com/tos-cn-i-0813/510df5b179c742c4b0f8144ede12770f~noop.webp?biz_tag=aweme_images&from=3213915784&s=PackSourceEnum_AWEME_DETAIL&se=false&x-expires=1671105600&x-signature=8ChpILMxGKyoWl8vQB8jQr5LmL4%3D,
https://p9-pc-sign.douyinpic.com/tos-cn-i-0813/31450b29b7f44a04a239088151c6c1cf~noop.webp?biz_tag=aweme_images&from=3213915784&s=PackSourceEnum_AWEME_DETAIL&se=false&x-expires=1671105600&x-signature=SCE3StIKMOHczRCGiKcfM4xPLNc%3D,
https://p9-pc-sign.douyinpic.com/tos-cn-i-0813/71ee06b2149f446a8659fd71b4e97f2d~noop.webp?biz_tag=aweme_images&from=3213915784&s=PackSourceEnum_AWEME_DETAIL&se=false&x-expires=1671105600&x-signature=Npn9wNdgDP%2B1j9Eqw9Gpeett4%2FU%3D,
https://p3-pc-sign.douyinpic.com/tos-cn-i-0813/f2532f9e907f4affbc73e4b0f49f77c3~noop.webp?biz_tag=aweme_images&from=3213915784&s=PackSourceEnum_AWEME_DETAIL&se=false&x-expires=1671105600&x-signature=%2FMKoleYHCD1LXe%2FMimL7f9VC4Oo%3D,
https://p3-pc-sign.douyinpic.com/tos-cn-i-0813/c987292df23d4a1b98326f0775fc561c~noop.webp?biz_tag=aweme_images&from=3213915784&s=PackSourceEnum_AWEME_DETAIL&se=false&x-expires=1671105600&x-signature=m5mhps9KeNpmg2WYEGyLJisvM9E%3D,
https://p9-pc-sign.douyinpic.com/tos-cn-i-0813/82a3b752d0ff44dd8f8e7f6aeb28bfe8~noop.webp?biz_tag=aweme_images&from=3213915784&s=PackSourceEnum_AWEME_DETAIL&se=false&x-expires=1671105600&x-signature=KYe72wibgNDdrWHkxrwFD4x6LY0%3D,
https://p9-pc-sign.douyinpic.com/tos-cn-i-0813/682888f931bd4a01ae5066ab24f1c517~noop.webp?biz_tag=aweme_images&from=3213915784&s=PackSourceEnum_AWEME_DETAIL&se=false&x-expires=1671105600&x-signature=V9hA%2Fo%2FSfO2ydnk9JBmB9d2Avn8%3D,
https://p9-pc-sign.douyinpic.com/tos-cn-i-0813/fead1463e394481dbc5b44d3b0366ba7~noop.webp?biz_tag=aweme_images&from=3213915784&s=PackSourceEnum_AWEME_DETAIL&se=false&x-expires=1671105600&x-signature=rvxUDL7aBGNUpss2sCbXNGGX3cQ%3D,
https://p9-pc-sign.douyinpic.com/tos-cn-i-0813/cba0f1c3c2d04c2fa66e6f498de2110d~noop.webp?biz_tag=aweme_images&from=3213915784&s=PackSourceEnum_AWEME_DETAIL&se=false&x-expires=1671105600&x-signature=d4Ic4kX4HeRZp9d7wTEk%2BrpEk5w%3D,
https://p6-pc-sign.douyinpic.com/tos-cn-i-0813/14136c4556bc4beb84753144cf3a11e5~noop.webp?biz_tag=aweme_images&from=3213915784&s=PackSourceEnum_AWEME_DETAIL&se=false&x-expires=1671105600&x-signature=%2FMfRcyaK1%2BKUvcX5JxVR9pb6ZLs%3D,
https://p9-pc-sign.douyinpic.com/tos-cn-i-0813/9cb63a9e8ef544949511266af291e41e~noop.webp?biz_tag=aweme_images&from=3213915784&s=PackSourceEnum_AWEME_DETAIL&se=false&x-expires=1671105600&x-signature=ah2%2FdnpjWt2XmPp548yNM%2BGHwLs%3D,
https://p9-pc-sign.douyinpic.com/tos-cn-i-0813/a92eb792e84d471681591564a792c8ec~noop.webp?biz_tag=aweme_images&from=3213915784&s=PackSourceEnum_AWEME_DETAIL&se=false&x-expires=1671105600&x-signature=DcSyhxotWRtbTK%2Bgq7PKWsJaOqQ%3D,
https://p9-pc-sign.douyinpic.com/tos-cn-i-0813/cd205b1f71f041079b5445313a9a725e~noop.webp?biz_tag=aweme_images&from=3213915784&s=PackSourceEnum_AWEME_DETAIL&se=false&x-expires=1671105600&x-signature=aCtlfKFO1VOfQNb5o4xYToq17BM%3D,
https://p9-pc-sign.douyinpic.com/tos-cn-i-0813/46b00a4850a942eeadb12c22d93f5347~noop.webp?biz_tag=aweme_images&from=3213915784&s=PackSourceEnum_AWEME_DETAIL&se=false&x-expires=1671105600&x-signature=gP3Ub0fSod1n%2F%2BLhAVk8VOg6kiw%3D,
https://p6-pc-sign.douyinpic.com/tos-cn-i-0813/0acbb8a943174afbaf24bd862a50a8a6~noop.webp?biz_tag=aweme_images&from=3213915784&s=PackSourceEnum_AWEME_DETAIL&se=false&x-expires=1671105600&x-signature=sNVkjINVZ3jpW4Nk6VdvAvZxzVY%3D,
https://p9-pc-sign.douyinpic.com/tos-cn-i-0813/13885088b6ad43b4842ff70597623f5c~noop.webp?biz_tag=aweme_images&from=3213915784&s=PackSourceEnum_AWEME_DETAIL&se=false&x-expires=1671105600&x-signature=kIzRlTDqDicblI9O6UPdV27rBh8%3D,
https://p3-pc-sign.douyinpic.com/tos-cn-i-0813/37947a265f4347cfb1d3160a808325db~noop.webp?biz_tag=aweme_images&from=3213915784&s=PackSourceEnum_AWEME_DETAIL&se=false&x-expires=1671105600&x-signature=QYux4vGD6BYw995i6Pst7vUhwbw%3D,
https://p6-pc-sign.douyinpic.com/tos-cn-i-0813/d14c87d0724546b4b5aa56fc1149a0b4~noop.webp?biz_tag=aweme_images&from=3213915784&s=PackSourceEnum_AWEME_DETAIL&se=false&x-expires=1671105600&x-signature=1epfFHk88js0cbUlvzBrPwCJnOc%3D,
https://p6-pc-sign.douyinpic.com/tos-cn-i-0813/05d4d2d88d0b4885844e1c22b745f10e~noop.webp?biz_tag=aweme_images&from=3213915784&s=PackSourceEnum_AWEME_DETAIL&se=false&x-expires=1671105600&x-signature=fCu4RYH0QsVxnVjt4kfvRy5Cb2M%3D,
https://p6-pc-sign.douyinpic.com/tos-cn-i-0813/dbd156b481b843a6879ed81f97befd31~noop.webp?biz_tag=aweme_images&from=3213915784&s=PackSourceEnum_AWEME_DETAIL&se=false&x-expires=1671105600&x-signature=m7eNJXvZFGp6v8XiLakx7uDzyqw%3D,
https://p6-pc-sign.douyinpic.com/tos-cn-i-0813/17bb4a77f1b94760942abca2c8fa71cc~noop.webp?biz_tag=aweme_images&from=3213915784&s=PackSourceEnum_AWEME_DETAIL&se=false&x-expires=1671105600&x-signature=x3P9qcAsXegkqWol%2Fo%2Flpq6WMKo%3D,
https://p3-pc-sign.douyinpic.com/tos-cn-i-0813/092d6825fb1a457e86f0f450daa3ea5b~noop.webp?biz_tag=aweme_images&from=3213915784&s=PackSourceEnum_AWEME_DETAIL&se=false&x-expires=1671105600&x-signature=RBmsf59yHQ0RhNwok4cPPA6o4dk%3D,
https://p9-pc-sign.douyinpic.com/tos-cn-i-0813c001/7581d67521d04f20a2f41f07609c7a2d~noop.webp?biz_tag=aweme_images&from=3213915784&s=PackSourceEnum_AWEME_DETAIL&se=false&x-expires=1671105600&x-signature=ZulCtNuzMqXKY%2BxEVyWBtR59Z%2BA%3D,
https://p3-pc-sign.douyinpic.com/tos-cn-i-0813/a12c8efef44d4c598c670e1b5105e6c4~noop.webp?biz_tag=aweme_images&from=3213915784&s=PackSourceEnum_AWEME_DETAIL&se=false&x-expires=1671105600&x-signature=hGpikQh1XSyF%2BpcomQN7KVguhsE%3D,
https://p6-pc-sign.douyinpic.com/tos-cn-i-0813/c6f376fe7d4c4d11b872c1d1b1956572~noop.webp?biz_tag=aweme_images&from=3213915784&s=PackSourceEnum_AWEME_DETAIL&se=false&x-expires=1671105600&x-signature=sTzP1f%2Brbx1F7RbFjwVQBsoIqck%3D,
https://p6-pc-sign.douyinpic.com/tos-cn-i-0813/6016747f41cd4fa0ae649a5d4f0430ec~noop.webp?biz_tag=aweme_images&from=3213915784&s=PackSourceEnum_AWEME_DETAIL&se=false&x-expires=1671105600&x-signature=f3DdoAoU0%2BDzsPqzPqa%2Fc9VEgq0%3D,
https://p9-pc-sign.douyinpic.com/tos-cn-i-0813/d5d58aa5243a4ff484e93112a6fa9db8~noop.webp?biz_tag=aweme_images&from=3213915784&s=PackSourceEnum_AWEME_DETAIL&se=false&x-expires=1671105600&x-signature=cBTR8OJaYNlK1GVjhQ9bcLNbKcw%3D,
https://p9-pc-sign.douyinpic.com/tos-cn-i-0813/0eedd428f7fe4a4895634980a7e98772~noop.webp?biz_tag=aweme_images&from=3213915784&s=PackSourceEnum_AWEME_DETAIL&se=false&x-expires=1671105600&x-signature=rf%2BTBpUi0t0apH5mPL7nYoIQ89Y%3D,
https://p3-pc-sign.douyinpic.com/tos-cn-i-0813/22a6486fa27e4a61a5566a1358237b22~noop.webp?biz_tag=aweme_images&from=3213915784&s=PackSourceEnum_AWEME_DETAIL&se=false&x-expires=1671105600&x-signature=eZQREKjgl5A8%2BY1zVEymcJ473Qc%3D,
https://p9-pc-sign.douyinpic.com/tos-cn-i-0813/56f276c63f6d4092bc7772e647bbb135~noop.webp?biz_tag=aweme_images&from=3213915784&s=PackSourceEnum_AWEME_DETAIL&se=false&x-expires=1671105600&x-signature=MoxZzA5Wog2opYFY2JXNoW5lkoI%3D,
https://p6-pc-sign.douyinpic.com/tos-cn-i-0813/f761030c774740a696745f36b3a0e918~noop.webp?biz_tag=aweme_images&from=3213915784&s=PackSourceEnum_AWEME_DETAIL&se=false&x-expires=1671105600&x-signature=AAgOK3NOFJ6tNAGGiAlBTcLsoYw%3D,
https://p6-pc-sign.douyinpic.com/tos-cn-i-0813/41e3799bee5d448b96193c439e0ac737~noop.webp?biz_tag=aweme_images&from=3213915784&s=PackSourceEnum_AWEME_DETAIL&se=false&x-expires=1671105600&x-signature=%2FTedpreiKJxzxWTfG4dJ8M%2FmOEE%3D,
https://p9-pc-sign.douyinpic.com/tos-cn-i-0813/c4ec0c5a60664b0a98f38e220c5a5607~noop.webp?biz_tag=aweme_images&from=3213915784&s=PackSourceEnum_AWEME_DETAIL&se=false&x-expires=1671105600&x-signature=ybT4blUqvr1wBS95ZcVFhbBqhIc%3D,
https://p3-pc-sign.douyinpic.com/tos-cn-i-0813/9ea860cec5bf4308b2486212a68ff1a4~noop.webp?biz_tag=aweme_images&from=3213915784&s=PackSourceEnum_AWEME_DETAIL&se=false&x-expires=1671105600&x-signature=z%2BW6ytXvG8bp9BjvWNKaEC%2FpdlQ%3D,
https://p3-pc-sign.douyinpic.com/tos-cn-i-0813/486cd3866fb14762af0787dbacaea421~noop.webp?biz_tag=aweme_images&from=3213915784&s=PackSourceEnum_AWEME_DETAIL&se=false&x-expires=1671105600&x-signature=6d%2FRJk66bswxK9PTFZrP60zx1qA%3D,
https://p6-pc-sign.douyinpic.com/tos-cn-i-0813/1922486e0e954b058ed663dd1d818c0c~noop.webp?biz_tag=aweme_images&from=3213915784&s=PackSourceEnum_AWEME_DETAIL&se=false&x-expires=1671105600&x-signature=R1CZpeBMrSobuULm6aF4YKHrAJg%3D,
https://p3-pc-sign.douyinpic.com/tos-cn-i-0813/46032cda26d64a01acd3f0918a7443d3~noop.webp?biz_tag=aweme_images&from=3213915784&s=PackSourceEnum_AWEME_DETAIL&se=false&x-expires=1671105600&x-signature=%2BZzQlW0JH21NuIla2P3rZv4HVw0%3D,
https://p9-pc-sign.douyinpic.com/tos-cn-i-0813/b7829952b6e84241b955130889017ebe~noop.webp?biz_tag=aweme_images&from=3213915784&s=PackSourceEnum_AWEME_DETAIL&se=false&x-expires=1671105600&x-signature=vksLH%2F4H0FI9ov542%2F5n7XZ7XoY%3D,
https://p9-pc-sign.douyinpic.com/tos-cn-i-0813/b8452896293f491d93f1b648a9bff2d5~noop.webp?biz_tag=aweme_images&from=3213915784&s=PackSourceEnum_AWEME_DETAIL&se=false&x-expires=1671105600&x-signature=uGSm4VXi11zyLZIWtuYAo72TjB0%3D,
https://p6-pc-sign.douyinpic.com/tos-cn-i-0813/7c1cd827b791462796c00a46326e255d~noop.webp?biz_tag=aweme_images&from=3213915784&s=PackSourceEnum_AWEME_DETAIL&se=false&x-expires=1671105600&x-signature=bwnxobk887%2BHVaerF8oGSv9dSSA%3D,
https://p9-pc-sign.douyinpic.com/tos-cn-i-0813/67059fbcdcb544069b77c83da8f8313d~noop.webp?biz_tag=aweme_images&from=3213915784&s=PackSourceEnum_AWEME_DETAIL&se=false&x-expires=1671105600&x-signature=12ERtPk82ye6NGbfrRa%2BAJsR09o%3D,
https://p6-pc-sign.douyinpic.com/tos-cn-i-0813/06ce66ad4d80434f9bae76db49769ec8~noop.webp?biz_tag=aweme_images&from=3213915784&s=PackSourceEnum_AWEME_DETAIL&se=false&x-expires=1671105600&x-signature=pwZq6vZIVjB19EgsNxlVt78sQpA%3D,
https://p6-pc-sign.douyinpic.com/tos-cn-i-0813/2e08b64d426d466d9dfe7fcf4ddfbfc0~noop.webp?biz_tag=aweme_images&from=3213915784&s=PackSourceEnum_AWEME_DETAIL&se=false&x-expires=1671105600&x-signature=ovUdZKGvdoZYR58WTXhZXLKcPkA%3D,
https://p9-pc-sign.douyinpic.com/tos-cn-i-0813/9741b89ae0a143a7b24ee268c37345e1~noop.webp?biz_tag=aweme_images&from=3213915784&s=PackSourceEnum_AWEME_DETAIL&se=false&x-expires=1671105600&x-signature=w%2FMZYQjFGOxH7j06p4XaHaa2VGg%3D,
https://p9-pc-sign.douyinpic.com/tos-cn-i-0813/9c161894ad684cb2977d7d40048d1f3d~noop.webp?biz_tag=aweme_images&from=3213915784&s=PackSourceEnum_AWEME_DETAIL&se=false&x-expires=1671105600&x-signature=PCZDyIaKZ%2FOOCjjgBanjoILwT1o%3D,
https://p3-pc-sign.douyinpic.com/tos-cn-i-0813/984dcbbb1310419c8ad6a4db84e8aa32~noop.webp?biz_tag=aweme_images&from=3213915784&s=PackSourceEnum_AWEME_DETAIL&se=false&x-expires=1671105600&x-signature=JBSkkw1bsXc9w0b4gs%2F75NoQKGs%3D,
https://p9-pc-sign.douyinpic.com/tos-cn-i-0813/41813aff2d5542b68f2dd5fd53d27eb8~noop.webp?biz_tag=aweme_images&from=3213915784&s=PackSourceEnum_AWEME_DETAIL&se=false&x-expires=1671105600&x-signature=%2BDTHyyMke8LHbC03DcuYHzWK9ew%3D,
https://p9-pc-sign.douyinpic.com/tos-cn-i-0813/e9c945b38d694a83a2be7622fd04bd75~noop.webp?biz_tag=aweme_images&from=3213915784&s=PackSourceEnum_AWEME_DETAIL&se=false&x-expires=1671105600&x-signature=kjLAEbATOyJtj9oNAOA2hNnSQG0%3D,
https://p6-pc-sign.douyinpic.com/tos-cn-i-0813/a781c3357d2b4fdc8433ca73f0b1de85~noop.webp?biz_tag=aweme_images&from=3213915784&s=PackSourceEnum_AWEME_DETAIL&se=false&x-expires=1671105600&x-signature=4vYGx54ZMAao4p8WUK%2Fcj5ixmJg%3D,
https://p6-pc-sign.douyinpic.com/tos-cn-i-0813/d76ae0f37e9b4dc396a9dfcaba9edc86~noop.webp?biz_tag=aweme_images&from=3213915784&s=PackSourceEnum_AWEME_DETAIL&se=false&x-expires=1671105600&x-signature=c6Dwk4TaJeVtet0dg%2F7IvhVOHyk%3D,
https://p3-pc-sign.douyinpic.com/tos-cn-i-0813/b372691debe74fe0a166885d56dc0202~noop.webp?biz_tag=aweme_images&from=3213915784&s=PackSourceEnum_AWEME_DETAIL&se=false&x-expires=1671105600&x-signature=sPSHyacXFy19D2MmIZSzr3%2Bi9ms%3D,
https://p3-pc-sign.douyinpic.com/tos-cn-i-0813/ca9bc5e51c574c9aada23cc8ba60bb42~noop.webp?biz_tag=aweme_images&from=3213915784&s=PackSourceEnum_AWEME_DETAIL&se=false&x-expires=1671105600&x-signature=mi02uus2RwK%2Fj%2BPucMy2kvozMaE%3D,
https://p9-pc-sign.douyinpic.com/tos-cn-i-0813/bd4cf7432e9a4a99834143bb9df35ab2~noop.webp?biz_tag=aweme_images&from=3213915784&s=PackSourceEnum_AWEME_DETAIL&se=false&x-expires=1671105600&x-signature=MtAtoanC%2FHJVBdggX6k%2F9hWELAM%3D,
https://p3-pc-sign.douyinpic.com/tos-cn-i-0813/18952fbfbf384522bfb2ecc70dfa6c20~noop.webp?biz_tag=aweme_images&from=3213915784&s=PackSourceEnum_AWEME_DETAIL&se=false&x-expires=1671105600&x-signature=l0JBqW4Cs0%2F3PKH%2BOlt1KhItjxI%3D,
https://p6-pc-sign.douyinpic.com/tos-cn-i-0813/c2a3d51e86a84595b6f8299aa3a555db~noop.webp?biz_tag=aweme_images&from=3213915784&s=PackSourceEnum_AWEME_DETAIL&se=false&x-expires=1671105600&x-signature=rONPtzCTMT2R74fDkSgJyrGioFU%3D,
https://p3-pc-sign.douyinpic.com/tos-cn-i-0813/9e111651bf2d4196bc5105d185bb04d0~noop.webp?biz_tag=aweme_images&from=3213915784&s=PackSourceEnum_AWEME_DETAIL&se=false&x-expires=1671105600&x-signature=CXdpt9PV2Q5uQFrssp12WoILhVA%3D,
https://p6-pc-sign.douyinpic.com/tos-cn-i-0813/ef55e1fbdd60498db58e175fb2d48ff6~noop.webp?biz_tag=aweme_images&from=3213915784&s=PackSourceEnum_AWEME_DETAIL&se=false&x-expires=1671105600&x-signature=%2F4Hu3T7zUWSE6M3F%2FSSlOhhWSV8%3D,
https://p9-pc-sign.douyinpic.com/tos-cn-i-0813/78f22a8e9fc64bf88a18f84554d7e8c4~noop.webp?biz_tag=aweme_images&from=3213915784&s=PackSourceEnum_AWEME_DETAIL&se=false&x-expires=1671105600&x-signature=drfZIP6DfN2ig%2BdYk3wPF2yaXQw%3D,
https://p3-pc-sign.douyinpic.com/tos-cn-i-0813/d8ce689a588c41309e10bcd299cdd370~noop.webp?biz_tag=aweme_images&from=3213915784&s=PackSourceEnum_AWEME_DETAIL&se=false&x-expires=1671105600&x-signature=TZGVm75Z7w5ZKQPoUJTPxb6cLFU%3D,
https://p9-pc-sign.douyinpic.com/tos-cn-i-0813/53ab272a767640b190def6bc0144058d~noop.webp?biz_tag=aweme_images&from=3213915784&s=PackSourceEnum_AWEME_DETAIL&se=false&x-expires=1671105600&x-signature=JAh8K3f%2FQp13s7UhHDaczdFD9J0%3D,
https://p6-pc-sign.douyinpic.com/tos-cn-i-0813/bf26a6523e2d458aaa9a76c19efe54e1~noop.webp?biz_tag=aweme_images&from=3213915784&s=PackSourceEnum_AWEME_DETAIL&se=false&x-expires=1671105600&x-signature=fieCiAQNXSaF4E9tnYHm3RpiVtc%3D,
https://p3-pc-sign.douyinpic.com/tos-cn-i-0813/ca1cd73f193a468a957f125b217586e9~noop.webp?biz_tag=aweme_images&from=3213915784&s=PackSourceEnum_AWEME_DETAIL&se=false&x-expires=1671105600&x-signature=LotDtxwWYDQhfK3qQ47WhL8Pv%2Fs%3D,
https://p3-pc-sign.douyinpic.com/tos-cn-i-0813/ce6e8d687a2043f8b5ae6ab334b397da~noop.webp?biz_tag=aweme_images&from=3213915784&s=PackSourceEnum_AWEME_DETAIL&se=false&x-expires=1671105600&x-signature=QqBHcmAoPsAYxxvrspO5rtMOIjE%3D,
https://p6-pc-sign.douyinpic.com/tos-cn-i-0813/87a73a754cc2474da9224b3d9f675282~noop.webp?biz_tag=aweme_images&from=3213915784&s=PackSourceEnum_AWEME_DETAIL&se=false&x-expires=1671105600&x-signature=jU6TEi%2F9U0ASajV3WYMogUSEJ2Y%3D,
https://p9-pc-sign.douyinpic.com/tos-cn-i-0813/7981f75809d841df9002113f0555aa6f~noop.webp?biz_tag=aweme_images&from=3213915784&s=PackSourceEnum_AWEME_DETAIL&se=false&x-expires=1671105600&x-signature=6rzEq0LddC2Nx0wKXuZchPTXTV4%3D,
https://p6-pc-sign.douyinpic.com/tos-cn-i-0813/ff6cdd8c359744efbb87e8fb1318fbd5~noop.webp?biz_tag=aweme_images&from=3213915784&s=PackSourceEnum_AWEME_DETAIL&se=false&x-expires=1671105600&x-signature=%2FWsbvY4yquUzb4S291idXVt%2BQLY%3D,
https://p3-pc-sign.douyinpic.com/tos-cn-i-0813/454a3e36aae14c9a9120fc33b61504f7~noop.webp?biz_tag=aweme_images&from=3213915784&s=PackSourceEnum_AWEME_DETAIL&se=false&x-expires=1671105600&x-signature=%2BXXVGpRz6LuZjmC9d1b1gcfRl0U%3D,
https://p6-pc-sign.douyinpic.com/tos-cn-i-0813/b888f0838ce6401badd01118c7fabb53~noop.webp?biz_tag=aweme_images&from=3213915784&s=PackSourceEnum_AWEME_DETAIL&se=false&x-expires=1671105600&x-signature=mvsMS5Ph2V4ZgJ0hoXmphVvk%2BiI%3D,
https://p6-pc-sign.douyinpic.com/tos-cn-i-0813/874f12b11d1948369448305d97bb7ab5~noop.webp?biz_tag=aweme_images&from=3213915784&s=PackSourceEnum_AWEME_DETAIL&se=false&x-expires=1671105600&x-signature=RVNcGXxiUwsjI%2F0eaDGYvolO0OE%3D,
https://p6-pc-sign.douyinpic.com/tos-cn-i-0813/6cb752bb0e184b7d8f0640553c0e1547~noop.webp?biz_tag=aweme_images&from=3213915784&s=PackSourceEnum_AWEME_DETAIL&se=false&x-expires=1671105600&x-signature=jYUjD%2BKCO%2FMZKSw65Bi2rsZODWM%3D,
https://p9-pc-sign.douyinpic.com/tos-cn-i-0813/3d49ce2689914eefbf5fcfe454961b4c~noop.webp?biz_tag=aweme_images&from=3213915784&s=PackSourceEnum_AWEME_DETAIL&se=false&x-expires=1671105600&x-signature=2yWKvPQJKzDBrZRiYlo09sByM78%3D,
https://p6-pc-sign.douyinpic.com/tos-cn-i-0813/6032800585ea4454913ec793ed0b2480~noop.webp?biz_tag=aweme_images&from=3213915784&s=PackSourceEnum_AWEME_DETAIL&se=false&x-expires=1671105600&x-signature=gTzNPwE7cwFEcPd3T1mHUsY2Aqk%3D,
https://p9-pc-sign.douyinpic.com/tos-cn-i-0813/7c68f9d91735420d8b6a928904239686~noop.webp?biz_tag=aweme_images&from=3213915784&s=PackSourceEnum_AWEME_DETAIL&se=false&x-expires=1671105600&x-signature=96c7sFTUZ%2FI0yJ3i0v6MSqixzbM%3D,
https://p9-pc-sign.douyinpic.com/tos-cn-i-0813/aae189e0e0f7405ebb4b1b6d01b97432~noop.webp?biz_tag=aweme_images&from=3213915784&s=PackSourceEnum_AWEME_DETAIL&se=false&x-expires=1671105600&x-signature=xmJCgnuOGTKugP%2BUDpn8urbygog%3D,
https://p9-pc-sign.douyinpic.com/tos-cn-i-0813/0d936d59a0ea4cb984b42f87753f20bc~noop.webp?biz_tag=aweme_images&from=3213915784&s=PackSourceEnum_AWEME_DETAIL&se=false&x-expires=1671105600&x-signature=cfkdDrTBS0NUDJupiAw9j%2FFJEQc%3D,
https://p9-pc-sign.douyinpic.com/tos-cn-i-0813/675f521c8ca34d798991c3240606b132~noop.webp?biz_tag=aweme_images&from=3213915784&s=PackSourceEnum_AWEME_DETAIL&se=false&x-expires=1671105600&x-signature=vVxsaA5Sk44Wc6rvbmG6Nwf5oQE%3D,
https://p6-pc-sign.douyinpic.com/tos-cn-i-0813/119fd0a015fc420a880dd6b6ddcdeb53~noop.webp?biz_tag=aweme_images&from=3213915784&s=PackSourceEnum_AWEME_DETAIL&se=false&x-expires=1671105600&x-signature=q8pcc8OYitC0oUu1IABTr2Y540c%3D,
https://p9-pc-sign.douyinpic.com/tos-cn-i-0813/b52dbc1518f343029478c3fff402c196~noop.webp?biz_tag=aweme_images&from=3213915784&s=PackSourceEnum_AWEME_DETAIL&se=false&x-expires=1671105600&x-signature=AISr8VeTv7vuoOD%2Fep8N%2FYQRqMo%3D,
https://p9-pc-sign.douyinpic.com/tos-cn-i-0813/cb45e7e0f3be4be08f420a233646ac01~noop.webp?biz_tag=aweme_images&from=3213915784&s=PackSourceEnum_AWEME_DETAIL&se=false&x-expires=1671105600&x-signature=itdXE9H%2BSyQ4n16%2BHo6O%2BRRc%2BII%3D,
https://p3-pc-sign.douyinpic.com/tos-cn-i-0813/e074d12c3f7248ee8770c5329ad4279b~noop.webp?biz_tag=aweme_images&from=3213915784&s=PackSourceEnum_AWEME_DETAIL&se=false&x-expires=1671105600&x-signature=Yib%2BB6Yac6vqayCwZRDYmeKtFes%3D,
https://p6-pc-sign.douyinpic.com/tos-cn-i-0813/70a18a547850410eac21d38421bd1904~noop.webp?biz_tag=aweme_images&from=3213915784&s=PackSourceEnum_AWEME_DETAIL&se=false&x-expires=1671105600&x-signature=XpZn2RHpcBM0W7B3Eo9US%2FK6Oo8%3D,
