图片,b3asdzt9_链接,作者,__0w4mvo
https://p6-pc-sign.douyinpic.com/tos-cn-p-0015/503ba2b7289d491895b14652a0b9015b_1640956817~tplv-dy-cropcenter:323:430.jpeg?biz_tag=pcweb_cover&from=3213915784&s=PackSourceEnum_PUBLISH&sc=cover&se=true&sh=323_430&x-expires=1983880800&x-signature=ewq%2BiiqYfYDiugwtsmSOXR4xHgg%3D,https://www.douyin.com/video/7047855813997694219,8.2w,
https://p3-pc-sign.douyinpic.com/tos-cn-p-0015/d3a06159765643e08a766aa7262587a8~tplv-dy-cropcenter:323:430.jpeg?biz_tag=pcweb_cover&from=3213915784&s=PackSourceEnum_PUBLISH&sc=cover&se=true&sh=323_430&x-expires=1983880800&x-signature=n%2BNGaae%2BqwRoHj9cKKVgUMOXf28%3D,https://www.douyin.com/video/6915393187934768397,85.6w,卢锡安只知道打游戏 他不理我 好无聊发几张照片给大家看看
https://p6-pc-sign.douyinpic.com/tos-cn-p-0015/0e7d015a61ff42a4b54453a0f306adf4~tplv-dy-cropcenter:323:430.jpeg?biz_tag=pcweb_cover&from=3213915784&s=PackSourceEnum_PUBLISH&sc=cover&se=true&sh=323_430&x-expires=1983880800&x-signature=7ZmIBfc7FSZWDjWpbngqdm%2FcP0k%3D,https://www.douyin.com/video/6733477978400918798,31.2w,uzi加油鸭#rng
https://p9-pc-sign.douyinpic.com/tos-cn-p-0015/94785ead1462403786f1846ffef5889b_1668357320~tplv-dy-cropcenter:323:430.jpeg?biz_tag=pcweb_cover&from=3213915784&s=PackSourceEnum_PUBLISH&sc=cover&se=true&sh=323_430&x-expires=1983880800&x-signature=qtSQUwgYIPX98PoKQyUZh%2BbBln0%3D,https://www.douyin.com/video/7165539815847513378,6.4w,自从素质消失了生活顺心多了
https://p9-pc-sign.douyinpic.com/tos-cn-p-0015/2dcb7c3eb8304dd9a0ae0dc30961a49a_1668004609~tplv-dy-cropcenter:323:430.jpeg?biz_tag=pcweb_cover&from=3213915784&s=PackSourceEnum_PUBLISH&sc=cover&se=true&sh=323_430&x-expires=1983880800&x-signature=DP%2F%2BeZbe9imt6ng%2FvQv8kxXQ8W0%3D,https://www.douyin.com/video/7164025210734234880,8.6w,游戏的衣服不用洗 贵有贵的大道理
https://p9-pc-sign.douyinpic.com/tos-cn-p-0015/06cd493e041146d7918c1ed762a7fbba_1667746064~tplv-dy-cropcenter:323:430.jpeg?biz_tag=pcweb_cover&from=3213915784&s=PackSourceEnum_PUBLISH&sc=cover&se=true&sh=323_430&x-expires=1983880800&x-signature=MwihsO4vHvJuBtXOURuj11kVvcA%3D,https://www.douyin.com/video/7162914751805279488,3.1w,我不会为佛耶戈买国王皮肤，他应该穿着世界冠军的皮肤骄傲的屹立在王座前，而不是跪着去见已经不在爱他的伊苏尔德
https://p3-pc-sign.douyinpic.com/tos-cn-p-0015/48e679698d9944a5b624402b4e1eaa3a_1667658663~tplv-dy-cropcenter:323:430.jpeg?biz_tag=pcweb_cover&from=3213915784&s=PackSourceEnum_PUBLISH&sc=cover&se=true&sh=323_430&x-expires=1983880800&x-signature=oJi08IavDBrP4awO74nLOvqKrGo%3D,https://www.douyin.com/video/7162539372078796067,18.7w,太怀念了 那时候我们天天打游戏
https://p3-pc-sign.douyinpic.com/tos-cn-p-0015/a99578a8bf3e4347a3364134afa695eb_1667374556~tplv-dy-cropcenter:323:430.jpeg?biz_tag=pcweb_cover&from=3213915784&s=PackSourceEnum_PUBLISH&sc=cover&se=true&sh=323_430&x-expires=1983880800&x-signature=Z%2BXFITIIbjfEbJOfmaUSuLg0XQE%3D,https://www.douyin.com/video/7161319127284567331,2.2w,一起看一次球赛吧 这个四年 下个四年 以后的每一个四年#打开海信电视就在世界杯现场#海信电视u8h
https://p3-pc-sign.douyinpic.com/tos-cn-p-0015/f9e80b12f21f4248b5665b1f6ef9501c_1666965041~tplv-dy-cropcenter:323:430.jpeg?biz_tag=pcweb_cover&from=3213915784&s=PackSourceEnum_PUBLISH&sc=cover&se=true&sh=323_430&x-expires=1983880800&x-signature=fY5DQLhcfElj3dn71mwFpEqYF40%3D,https://www.douyin.com/video/7159560296300809512,16.9w,干碎lck中野  无所谓 我会出手 #豹女#奈德丽 
https://p3-pc-sign.douyinpic.com/tos-cn-p-0015/5246b9e33b5b46c1a6f8f4328cb4f94b_1666880980~tplv-dy-cropcenter:323:430.jpeg?biz_tag=pcweb_cover&from=3213915784&s=PackSourceEnum_PUBLISH&sc=cover&se=true&sh=323_430&x-expires=1983880800&x-signature=27HGVrclqGsXzSVAgnYPW%2BbqABY%3D,https://www.douyin.com/video/7159199222003256616,5.8w,剑姬的被动只有相互遇见才会触发 我的意思是不相遇就不会有破绽
https://p9-pc-sign.douyinpic.com/tos-cn-p-0015/b17768ca8e5c4f91bb5827825ad72cd1_1666619808~tplv-dy-cropcenter:323:430.jpeg?biz_tag=pcweb_cover&from=3213915784&s=PackSourceEnum_PUBLISH&sc=cover&se=true&sh=323_430&x-expires=1983880800&x-signature=YKTpiI6jSOjuiWx4aG7nzyp2VAE%3D,https://www.douyin.com/video/7158077531659242752,7.9w,"虚假夸男生厉害时： 牛逼牛逼 厉害 666 
真实夸男生厉害时：那你吃完饭还玩吗 明天还玩吗 就我们两个玩吧"
https://p3-pc-sign.douyinpic.com/tos-cn-p-0015/32fb09a29c884571bcaf3c5621b22516_1666279009~tplv-dy-cropcenter:323:430.jpeg?biz_tag=pcweb_cover&from=3213915784&s=PackSourceEnum_PUBLISH&sc=cover&se=true&sh=323_430&x-expires=1983880800&x-signature=OFLdL7VyjXBOSE5SEV%2FrygFGlxY%3D,https://www.douyin.com/video/7156613787389299968,16.4w,五年 好久不见 那就再加油一次吧#s12  
https://p6-pc-sign.douyinpic.com/tos-cn-p-0015/812b4b86571e405db30720c23482bfe7_1665840628~tplv-dy-cropcenter:323:430.jpeg?biz_tag=pcweb_cover&from=3213915784&s=PackSourceEnum_PUBLISH&sc=cover&se=true&sh=323_430&x-expires=1983880800&x-signature=9cvhGgmV5n%2BafiyQGgT%2FPFNlpgU%3D,https://www.douyin.com/video/7154730980849323298,6.5w,青春本就该闪闪发光
https://p3-pc-sign.douyinpic.com/tos-cn-p-0015/e294f82d439d4e22bb3322b10b78d406_1665759232~tplv-dy-cropcenter:323:430.jpeg?biz_tag=pcweb_cover&from=3213915784&s=PackSourceEnum_PUBLISH&sc=cover&se=true&sh=323_430&x-expires=1983880800&x-signature=2C9BPQVN1GJijpYTwNqDc88rcok%3D,https://www.douyin.com/video/7154381377520078080,7.9w,你的第一个七级熟练度 应该是你最后的底牌吧
https://p3-pc-sign.douyinpic.com/tos-cn-p-0015/5db2aa29f96240c3af28d10b1fa5bab1_1665675851~tplv-dy-cropcenter:323:430.jpeg?biz_tag=pcweb_cover&from=3213915784&s=PackSourceEnum_PUBLISH&sc=cover&se=true&sh=323_430&x-expires=1983880800&x-signature=eAOv64exruXKsMuYA1OOlKdIDpg%3D,https://www.douyin.com/video/7154023215717829929,10.9w,真的很喜欢打游戏，有种上辈子造孽的感觉
https://p6-pc-sign.douyinpic.com/tos-cn-p-0015/999dd40e5f6e497bb17bde93be3077a6_1664981108~tplv-dy-cropcenter:323:430.jpeg?biz_tag=pcweb_cover&from=3213915784&s=PackSourceEnum_PUBLISH&sc=cover&se=true&sh=323_430&x-expires=1983880800&x-signature=aHxJB9ee4dwWK9crhy0TzUkrhfs%3D,https://www.douyin.com/video/7151039361092553984,28.7w,打游戏没动力了 想看lol 的帅哥 给点动力
https://p3-pc-sign.douyinpic.com/tos-cn-p-0015/ffcba237e79744a6a1f2cc042ea788a2_1664633216~tplv-dy-cropcenter:323:430.jpeg?biz_tag=pcweb_cover&from=3213915784&s=PackSourceEnum_PUBLISH&sc=cover&se=true&sh=323_430&x-expires=1983880800&x-signature=9qT9OvHrciNJ2j3wt6bUqNUWqGM%3D,https://www.douyin.com/video/7149545186824178978,13.7w,生活就是GTA 不成为主角就沦为NPC #gta #洛圣都
https://p9-pc-sign.douyinpic.com/tos-cn-p-0015/4100d5b72d1d4bd3ad0c92fb91efd50d~tplv-dy-cropcenter:323:430.jpeg?biz_tag=pcweb_cover&from=3213915784&s=PackSourceEnum_PUBLISH&sc=cover&se=true&sh=323_430&x-expires=1983880800&x-signature=gsxXhpHQqCj3DQEbEF5YQDzjtJA%3D,https://www.douyin.com/video/7149158694322769167,10.7w,是的 红星的光芒定会照亮整座山谷
https://p3-pc-sign.douyinpic.com/tos-cn-p-0015/58fdf6612b304018ac0a12adca6b4325_1664992892~tplv-dy-cropcenter:323:430.jpeg?biz_tag=pcweb_cover&from=3213915784&s=PackSourceEnum_PUBLISH&sc=cover&se=true&sh=323_430&x-expires=1983880800&x-signature=ttEYE%2By4aw0j8XBk6rvDIxYL3mM%3D,https://www.douyin.com/video/7146979024470805801,7.1w,艾特你身边天天把6挂嘴边的人
https://p3-sign.douyinpic.com/tos-cn-i-dy/a9af74459af84592aee294beca3a2a62~noop.jpeg?from=3213915784&s=PackSourceEnum_PUBLISH&sc=optimized_cover&se=false&x-expires=1669730400&x-signature=XQJpV6eY%2BsEX4Y5aSv6Le%2Fm54lM%3D,https://www.douyin.com/video/7145800551639289123,1.7w,可盐可甜，喜欢哪一个#抖音电商超级品牌日 #秀出你的柔与韧 #肖战心相印品牌代言人 @心相印官方旗舰店   
https://p3-pc-sign.douyinpic.com/tos-cn-p-0015/035405dd4b1e45aca7271b8f5d31b8bb_1665121352~tplv-dy-cropcenter:323:430.jpeg?biz_tag=pcweb_cover&from=3213915784&s=PackSourceEnum_PUBLISH&sc=cover&se=true&sh=323_430&x-expires=1983880800&x-signature=KFPuL48cOO6sAoSyZUJ%2Fmy2UY5Q%3D,https://www.douyin.com/video/7145867045186325801,8.0w,你也为我着迷吧 召唤师
https://p6-pc-sign.douyinpic.com/tos-cn-p-0015/f16b8e39571d420394db6671d242a9e6~tplv-dy-cropcenter:323:430.jpeg?biz_tag=pcweb_cover&from=3213915784&s=PackSourceEnum_PUBLISH&sc=cover&se=true&sh=323_430&x-expires=1983880800&x-signature=2x%2FQojD4ORXoOuzsNNAugpw5RKM%3D,https://www.douyin.com/video/7144053884040777000,13.2w,就这 ？我怎么输啊 #腕豪
https://p3-pc-sign.douyinpic.com/tos-cn-p-0015/033fa1c5820741139ed86da3f44901d8_1663267941~tplv-dy-cropcenter:323:430.jpeg?biz_tag=pcweb_cover&from=3213915784&s=PackSourceEnum_PUBLISH&sc=cover&se=true&sh=323_430&x-expires=1983880800&x-signature=ZANhx0VDg8CRA2EW5nXux8J6np8%3D,https://www.douyin.com/video/7143681322563718400,5.5w,回复 @早点睡告的评论 算你小子有耳朵
https://p6-pc-sign.douyinpic.com/tos-cn-p-0015/3987b71f02164bec9ec582adab2d4b24_1664383178~tplv-dy-cropcenter:323:430.jpeg?biz_tag=pcweb_cover&from=3213915784&s=PackSourceEnum_PUBLISH&sc=cover&se=true&sh=323_430&x-expires=1983880800&x-signature=0HBGuJEM71AwXOt4mR8P0kyVW6A%3D,https://www.douyin.com/video/7141390939817299234,12.8w,“勇气是ad的第七件神装，而暴击是对勇敢者的回馈”
https://p3-pc-sign.douyinpic.com/tos-cn-p-0015/02112d8e279c4d72aab0f07569452a1b_1662644247~tplv-dy-cropcenter:323:430.jpeg?biz_tag=pcweb_cover&from=3213915784&s=PackSourceEnum_PUBLISH&sc=cover&se=true&sh=323_430&x-expires=1983880800&x-signature=IAArS33QEMFxEAda2S11TLBs8aI%3D,https://www.douyin.com/video/7141002623511022852,1.6w,"说话了 但没完全说
@康佳集团   #康佳智慧场景屏"
https://p9-pc-sign.douyinpic.com/tos-cn-p-0015/65c043467ed54f069041e7a8dcee2958~tplv-dy-cropcenter:323:430.jpeg?biz_tag=pcweb_cover&from=3213915784&s=PackSourceEnum_PUBLISH&sc=cover&se=true&sh=323_430&x-expires=1983880800&x-signature=nT75jo62RqZRmqmVj0c0eOwv86k%3D,https://www.douyin.com/video/7139531307574365440,6.7w,被rng折磨的一生
https://p6-pc-sign.douyinpic.com/tos-cn-p-0015/d86fb59660db4e2bb3497ae36141cd80_1662137382~tplv-dy-cropcenter:323:430.jpeg?biz_tag=pcweb_cover&from=3213915784&s=PackSourceEnum_PUBLISH&sc=cover&se=true&sh=323_430&x-expires=1983880800&x-signature=ChFbL%2Fbn4xbHNZaZBglXqvLL6WM%3D,https://www.douyin.com/video/7138794946126941440,6.2w,这个戴眼镜的小胖子一看就不会玩adc哈哈
https://p9-pc-sign.douyinpic.com/tos-cn-p-0015/4fd448228ed84709a968f181d8a4f144_1662042173~tplv-dy-cropcenter:323:430.jpeg?biz_tag=pcweb_cover&from=3213915784&s=PackSourceEnum_PUBLISH&sc=cover&se=true&sh=323_430&x-expires=1983880800&x-signature=MHDL31NqmHAm4PjpQW2c0z7FORc%3D,https://www.douyin.com/video/7138416725694893323,5.9w,姐姐真是深藏不露
https://p6-pc-sign.douyinpic.com/tos-cn-p-0015/47a9cfa6d9034c6fbe9291bc043e9c1d_1661954054~tplv-dy-cropcenter:323:430.jpeg?biz_tag=pcweb_cover&from=3213915784&s=PackSourceEnum_PUBLISH&sc=cover&se=true&sh=323_430&x-expires=1983880800&x-signature=RNbK021bK8Wa0YYXIrhBFTFkN4s%3D,https://www.douyin.com/video/7138038242728824068,1.9w,"可爱会发生，温柔会发生，浪漫也是
#迪奥小姐  #迪奥美妆开业盛典"
https://p9-pc-sign.douyinpic.com/tos-cn-p-0015/9269e421291242659c24c3f07ff91810_1661791515~tplv-dy-cropcenter:323:430.jpeg?biz_tag=pcweb_cover&from=3213915784&s=PackSourceEnum_PUBLISH&sc=cover&se=true&sh=323_430&x-expires=1983880800&x-signature=X5UHJx15REAidAi1vaVnTCJJr%2Fo%3D,https://www.douyin.com/video/7136926327478832423,6.3w,即使你是青钢影天花板也只能留住她4秒 海克斯最后通牒也留不住想走的人
https://p6-pc-sign.douyinpic.com/tos-cn-p-0015/9f0350c452d7493b8f99ce5e0362e0df_1661794445~tplv-dy-cropcenter:323:430.jpeg?biz_tag=pcweb_cover&from=3213915784&s=PackSourceEnum_PUBLISH&sc=cover&se=true&sh=323_430&x-expires=1983880800&x-signature=lFA%2FO2YYWwHZlDLy6y4Xd8EJAgs%3D,https://www.douyin.com/video/7136569328106884392,6.7w,如果你和恋人互换身体24小时 你会如何安排这一天
https://p6-pc-sign.douyinpic.com/tos-cn-p-0015/e09c3c8fab8c48f49b6e624601f22222~tplv-dy-cropcenter:323:430.jpeg?biz_tag=pcweb_cover&from=3213915784&s=PackSourceEnum_PUBLISH&sc=cover&se=true&sh=323_430&x-expires=1983880800&x-signature=y75rQf6NAvt1N409a07boJlvWyY%3D,https://www.douyin.com/video/7134306145715391778,1.6w,虽然我不会做饭 但是我点得一手好外卖 #在长沙外卖也浪漫💕
https://p6-pc-sign.douyinpic.com/tos-cn-p-0015/926f4d192d804fb4b8d3cadbd15e7c6f_1660932180~tplv-dy-cropcenter:323:430.jpeg?biz_tag=pcweb_cover&from=3213915784&s=PackSourceEnum_PUBLISH&sc=cover&se=true&sh=323_430&x-expires=1983880800&x-signature=0taDC3lP3f0j4QJx8BVjy5vlFWk%3D,https://www.douyin.com/video/7133649221550378279,17.7w,卢锡安说好看 我就发了
https://p6-pc-sign.douyinpic.com/tos-cn-p-0015/8ef121d512954f98a115556c31e75717_1660833878~tplv-dy-cropcenter:323:430.jpeg?biz_tag=pcweb_cover&from=3213915784&s=PackSourceEnum_PUBLISH&sc=cover&se=true&sh=323_430&x-expires=1983880800&x-signature=vSNGWfMw0%2F1DGrRECoN9r6E9h50%3D,https://www.douyin.com/video/7133227146960522537,8.6w,为什么你打游戏这么菜 玩我感情像个通天代
https://p3-pc-sign.douyinpic.com/tos-cn-p-0015/d9dcafc0435447449c4259a0ee1de9c4_1660490033~tplv-dy-cropcenter:323:430.jpeg?biz_tag=pcweb_cover&from=3213915784&s=PackSourceEnum_PUBLISH&sc=cover&se=true&sh=323_430&x-expires=1983880800&x-signature=SXLlgBKQXWMt36TUUT%2BN9HcEUlk%3D,https://www.douyin.com/video/7131750328952818944,15.8w,挺喜欢看你玩莎弥拉的 脑袋上一会S 一会B的 挺像你的
https://p3-pc-sign.douyinpic.com/tos-cn-p-0015/ef4031e741dc46e7bb64c7f85452f6b9_1660239732~tplv-dy-cropcenter:323:430.jpeg?biz_tag=pcweb_cover&from=3213915784&s=PackSourceEnum_PUBLISH&sc=cover&se=true&sh=323_430&x-expires=1983880800&x-signature=7H9CpJLle1VGT3%2FcuGADd6LI2MQ%3D,https://www.douyin.com/video/7130675189322353960,8.6w,究竟是害怕对线剑姬，还是不想面对那个满是破绽的自己
https://p6-pc-sign.douyinpic.com/tos-cn-p-0015/b8806cd7c1574b96b3ccccf7b3905ca9_1662143524~tplv-dy-cropcenter:323:430.jpeg?biz_tag=pcweb_cover&from=3213915784&s=PackSourceEnum_PUBLISH&sc=cover&se=true&sh=323_430&x-expires=1983880800&x-signature=U3NJytbbtf%2BM%2BAAtOr6j6PNme78%3D,https://www.douyin.com/video/7130236434962828559,5.9w,闻烟就吐 滴酒不沾 只去网咖 纯爱战神
https://p3-pc-sign.douyinpic.com/tos-cn-p-0015/0f77e5c20f6f4a669d0833abc2ff046c_1659793879~tplv-dy-cropcenter:323:430.jpeg?biz_tag=pcweb_cover&from=3213915784&s=PackSourceEnum_PUBLISH&sc=cover&se=true&sh=323_430&x-expires=1983880800&x-signature=F8eFpW6ytmg%2FAxirMqIFWygtO68%3D,https://www.douyin.com/video/7128760388799171855,7.3w,无所谓了 就算现在遇到三个队友挂机泽拉斯辅助 我也只会冷笑着说一声6
https://p9-pc-sign.douyinpic.com/tos-cn-p-0015/eb2f9435670842028aab0ebd2ace7dbb_1660190524~tplv-dy-cropcenter:323:430.jpeg?biz_tag=pcweb_cover&from=3213915784&s=PackSourceEnum_PUBLISH&sc=cover&se=true&sh=323_430&x-expires=1983880800&x-signature=uooCb4z6lqxxgkoLb0oLiuHWB%2BQ%3D,https://www.douyin.com/video/7128270378295692547,7.4w,2555天 早就该释怀了
https://p3-pc-sign.douyinpic.com/tos-cn-p-0015/a3635dcd86764bf4b1503db1232c76e2_1659448290~tplv-dy-cropcenter:323:430.jpeg?biz_tag=pcweb_cover&from=3213915784&s=PackSourceEnum_PUBLISH&sc=cover&se=true&sh=323_430&x-expires=1983880800&x-signature=4O1bGyQSrC9%2FqnnPQ6ZfWPKnh8Q%3D,https://www.douyin.com/video/7127276068934913295,9.2w,早就释怀了 在每个我单排的日子里
https://p9-pc-sign.douyinpic.com/tos-cn-p-0015/f441f7fe0a554edfbd91768eef919c5c_1658844600~tplv-dy-cropcenter:323:430.jpeg?biz_tag=pcweb_cover&from=3213915784&s=PackSourceEnum_PUBLISH&sc=cover&se=true&sh=323_430&x-expires=1983880800&x-signature=LB3EClKwtpHcxtObf6m%2B%2FS38s74%3D,https://www.douyin.com/video/7124683269030825251,8.6w,每天都打游戏的话 素质低点也是正常的
https://p6-pc-sign.douyinpic.com/tos-cn-p-0015/00c4b84744864d4d84b3f2dc7103404b_1658671669~tplv-dy-cropcenter:323:430.jpeg?biz_tag=pcweb_cover&from=3213915784&s=PackSourceEnum_PUBLISH&sc=cover&se=true&sh=323_430&x-expires=1983880800&x-signature=VT7dwvMD4GkbS6mDH4iEqZUAynE%3D,https://www.douyin.com/video/7123940533734722831,22.9w,我宁愿相信洛霞分手，也不信佛爷会变心
https://p3-pc-sign.douyinpic.com/tos-cn-p-0015/af520203dff6464c91ed455d38258f12_1658510817~tplv-dy-cropcenter:323:430.jpeg?biz_tag=pcweb_cover&from=3213915784&s=PackSourceEnum_PUBLISH&sc=cover&se=true&sh=323_430&x-expires=1983880800&x-signature=sILl92nf3K0xx1sZk8FDNjyEcAA%3D,https://www.douyin.com/video/7122854917546544425,6.4w,书没读好，游戏打得烂，长得也不行，好人没当成，坏也不彻底，还没被坚定的选择过…
https://p3-pc-sign.douyinpic.com/tos-cn-p-0015/1637d0e5f56042c68ea9b65deea9fe48_1658147220~tplv-dy-cropcenter:323:430.jpeg?biz_tag=pcweb_cover&from=3213915784&s=PackSourceEnum_PUBLISH&sc=cover&se=true&sh=323_430&x-expires=1983880800&x-signature=aBiIxt5TfZNn%2FXhZgP2Cy5SWXhM%3D,https://www.douyin.com/video/7121688048479325440,7.7w,抖音评论可以带图片了，可以看下你们的战绩图吗？
https://p6-pc-sign.douyinpic.com/tos-cn-p-0015/e40f96491a7443839e5c63abf0b62b9b_1657724510~tplv-dy-cropcenter:323:430.jpeg?biz_tag=pcweb_cover&from=3213915784&s=PackSourceEnum_PUBLISH&sc=cover&se=true&sh=323_430&x-expires=1983880800&x-signature=XV1%2FY45PAllauNenYni3wrPz9bo%3D,https://www.douyin.com/video/7119872520970439970,10.9w,坠了 为什么会有人把身高段位挂在嘴边啊（170 钻石）
https://p9-pc-sign.douyinpic.com/tos-cn-p-0015/fb3ea813ac914cab83448633ef9b57c0~tplv-dy-cropcenter:323:430.jpeg?biz_tag=pcweb_cover&from=3213915784&s=PackSourceEnum_PUBLISH&sc=cover&se=true&sh=323_430&x-expires=1983880800&x-signature=2m2HwTY0LG6fhvE07YIFyTkqx4o%3D,https://www.douyin.com/video/7119497032934477071,7.9w,坏男人吃拳
https://p9-pc-sign.douyinpic.com/tos-cn-p-0015/8ac6139d1d124d32bf74cc668eee2878_1657781790~tplv-dy-cropcenter:323:430.jpeg?biz_tag=pcweb_cover&from=3213915784&s=PackSourceEnum_PUBLISH&sc=cover&se=true&sh=323_430&x-expires=1983880800&x-signature=yuza63vP%2Bfz6xrcZptvFdpUFD2w%3D,https://www.douyin.com/video/7119111880219708706,11.5w,是不是所有卡莎都在望着虚空 所以看不见郁金香
https://p9-pc-sign.douyinpic.com/tos-cn-p-0015/468e8be5112b4c2299a0b3d8ace5aac4_1657287106~tplv-dy-cropcenter:323:430.jpeg?biz_tag=pcweb_cover&from=3213915784&s=PackSourceEnum_PUBLISH&sc=cover&se=true&sh=323_430&x-expires=1983880800&x-signature=9ncQz04MolvQDn56%2Fu7TORWTnDQ%3D,https://www.douyin.com/video/7117993878443019535,6.8w,"泳池派对限时返场
#嗨我的玛雅  #衡阳玛雅来电了 @衡阳玛雅海滩水公园"
https://p3-pc-sign.douyinpic.com/tos-cn-p-0015/818ee144eb9a4a02882816624af74493_1657036398~tplv-dy-cropcenter:323:430.jpeg?biz_tag=pcweb_cover&from=3213915784&s=PackSourceEnum_PUBLISH&sc=cover&se=true&sh=323_430&x-expires=1983880800&x-signature=poc%2Fw10QrzabCMreDzXqCcVVUys%3D,https://www.douyin.com/video/7116917095190908175,9.1w,你是带着群英冠冕众星捧月的佐伊，而我只是站在角落里凑羁绊的亚托克斯
https://p9-pc-sign.douyinpic.com/tos-cn-p-0015/9a29cb2248f1465d81ffc51dc2a943bb~tplv-dy-cropcenter:323:430.jpeg?biz_tag=pcweb_cover&from=3213915784&s=PackSourceEnum_PUBLISH&sc=cover&se=true&sh=323_430&x-expires=1983880800&x-signature=m5hPukL71Qf0LqxE1ri7pOu%2BjCY%3D,https://www.douyin.com/video/7116204284349353257,7.8w,"包完宿一脸油头发乱糟糟一身烟味  回去的路上吹着晨风 很清爽   到家之后困意袭来倒头就睡
也许我们的青春和快乐已经死在梦里了"
https://p9-pc-sign.douyinpic.com/tos-cn-p-0015/474a0164035d48e2b6a9037b4b2be312_1656778590~tplv-dy-cropcenter:323:430.jpeg?biz_tag=pcweb_cover&from=3213915784&s=PackSourceEnum_PUBLISH&sc=cover&se=true&sh=323_430&x-expires=1983880800&x-signature=YBCdrY3h85klcCcxXoqncFYj6AI%3D,https://www.douyin.com/video/7115809817645632783,6.6w,"“这个年代了谁还下传统围棋？”
                   ------ 柯洁 云顶之弈"
https://p6-pc-sign.douyinpic.com/tos-cn-p-0015/dad23682171a4ee0be667928e0eb0e37_1656690566~tplv-dy-cropcenter:323:430.jpeg?biz_tag=pcweb_cover&from=3213915784&s=PackSourceEnum_PUBLISH&sc=cover&se=true&sh=323_430&x-expires=1983880800&x-signature=ZLuALFVothYZXuU8oWhmiC9o%2FTw%3D,https://www.douyin.com/video/7115427201801276684,10.5w,你列表第三位肯定又菜又爱玩
https://p3-pc-sign.douyinpic.com/tos-cn-p-0015/fac3a4e62cb341bfb0dd8b008c734a07_1656510114~tplv-dy-cropcenter:323:430.jpeg?biz_tag=pcweb_cover&from=3213915784&s=PackSourceEnum_PUBLISH&sc=cover&se=true&sh=323_430&x-expires=1983880800&x-signature=sZOpo9jiBjL8ix%2FX%2BtzjRIO7C%2BU%3D,https://www.douyin.com/video/7114656734555180322,8.7w,我是市井小民 开心是给老公买3090 
https://p6-pc-sign.douyinpic.com/tos-cn-p-0015/6a0ac9c286db49e5928c9e3bc7bd135b_1656257241~tplv-dy-cropcenter:323:430.jpeg?biz_tag=pcweb_cover&from=3213915784&s=PackSourceEnum_PUBLISH&sc=cover&se=true&sh=323_430&x-expires=1983880800&x-signature=Hl4xl0qQDHsxQgnLR1TWn8eIK0g%3D,https://www.douyin.com/video/7113570657652264227,21.8w,《打野差距》
https://p3-pc-sign.douyinpic.com/tos-cn-p-0015/42a33a67554d446196478b89248289ea_1656081410~tplv-dy-cropcenter:323:430.jpeg?biz_tag=pcweb_cover&from=3213915784&s=PackSourceEnum_PUBLISH&sc=cover&se=true&sh=323_430&x-expires=1983880800&x-signature=abfjBrPZJ%2BkgrnISkBGUM2aJ27A%3D,https://www.douyin.com/video/7112815465935752448,9.6w,谁说我不注意细节 打团的时候你技能慢放一秒我都注意到了
https://p9-pc-sign.douyinpic.com/tos-cn-p-0015/43e2b45b9e964ac780acc4e41c0f14a5_1655889979~tplv-dy-cropcenter:323:430.jpeg?biz_tag=pcweb_cover&from=3213915784&s=PackSourceEnum_PUBLISH&sc=cover&se=true&sh=323_430&x-expires=1983880800&x-signature=peu%2FN7x57gbiZaDpnYyX8iBRrmo%3D,https://www.douyin.com/video/7111993273920654592,5.8w,我已经勇敢过了，遗憾的就不是我了  #Rng
https://p6-pc-sign.douyinpic.com/tos-cn-p-0015/fa86de54d7b84dfc86c8245658ba096a_1655735384~tplv-dy-cropcenter:323:430.jpeg?biz_tag=pcweb_cover&from=3213915784&s=PackSourceEnum_PUBLISH&sc=cover&se=true&sh=323_430&x-expires=1983880800&x-signature=Q8MW%2FoU44BtZm%2FTTxZ97RbXgfq8%3D,https://www.douyin.com/video/7111329147691027746,7.0w,九十九分努力 一分天赋
https://p9-pc-sign.douyinpic.com/tos-cn-p-0015/bbad5ee3ecf84335af5a8a71fd287de1_1655477149~tplv-dy-cropcenter:323:430.jpeg?biz_tag=pcweb_cover&from=3213915784&s=PackSourceEnum_PUBLISH&sc=cover&se=true&sh=323_430&x-expires=1983880800&x-signature=5A5evbhg0077IlXeYxI8gRL%2BtXg%3D,https://www.douyin.com/video/7110219856368110882,15.4w,“下路永远会是两个人，但可能不是永远的那两人”
https://p3-pc-sign.douyinpic.com/tos-cn-p-0015/181b74d43a6e43109c74a3c1ac21e92e_1655350014~tplv-dy-cropcenter:323:430.jpeg?biz_tag=pcweb_cover&from=3213915784&s=PackSourceEnum_PUBLISH&sc=cover&se=true&sh=323_430&x-expires=1983880800&x-signature=m%2FIdhRgji6lh%2BLTPyEH4A5plsAQ%3D,https://www.douyin.com/video/7109674144286919951,9.6w,回复 @长岛加冰的评论
https://p9-pc-sign.douyinpic.com/tos-cn-p-0015/556f15ce372c4a9386c10f92be07cdff_1655117405~tplv-dy-cropcenter:323:430.jpeg?biz_tag=pcweb_cover&from=3213915784&s=PackSourceEnum_PUBLISH&sc=cover&se=true&sh=323_430&x-expires=1983880800&x-signature=xLISO0qi57%2BSeCWae9pYaENSRvw%3D,https://www.douyin.com/video/7108675095102541091,4.3w,纯爱战神驾到 通通闪开 #Vlone #618买得物潮服
https://p6-pc-sign.douyinpic.com/tos-cn-p-0015/a45b2151a67f49919abfa7ae013d9641_1655042759~tplv-dy-cropcenter:323:430.jpeg?biz_tag=pcweb_cover&from=3213915784&s=PackSourceEnum_PUBLISH&sc=cover&se=true&sh=323_430&x-expires=1983880800&x-signature=mmcQoa4VgXRPPocGDk66pUKIEkM%3D,https://www.douyin.com/video/7108354478029524224,23.2w,玩了9年英雄联盟 啥都知道 不懂可以问我
https://p6-pc-sign.douyinpic.com/tos-cn-p-0015/f062a4be5e8541b689f1550b1ccb3ec5_1654802885~tplv-dy-cropcenter:323:430.jpeg?biz_tag=pcweb_cover&from=3213915784&s=PackSourceEnum_PUBLISH&sc=cover&se=true&sh=323_430&x-expires=1983880800&x-signature=5g9GrloVmJHcdAy0zP4yykwqqKM%3D,https://www.douyin.com/video/7107254450007428352,19.1w,什么样子的游戏id  一眼就知道是小学生
https://p9-pc-sign.douyinpic.com/tos-cn-p-0015/492d564ae57e4f9a97d3a04668f27cbd_1655049678~tplv-dy-cropcenter:323:430.jpeg?biz_tag=pcweb_cover&from=3213915784&s=PackSourceEnum_PUBLISH&sc=cover&se=true&sh=323_430&x-expires=1983880800&x-signature=yWyKn8xbrYRgLh%2F%2F7gjiE8pGA9s%3D,https://www.douyin.com/video/7106149990787042563,5.5w,
https://p9-pc-sign.douyinpic.com/tos-cn-p-0015/5e88323ea4474a89ac3cce601681abec~tplv-dy-cropcenter:323:430.jpeg?biz_tag=pcweb_cover&from=3213915784&s=PackSourceEnum_PUBLISH&sc=cover&se=true&sh=323_430&x-expires=1983880800&x-signature=NNLioICfZAiCIB9qNZZdzb6ESic%3D,https://www.douyin.com/video/7104649383026756868,6.1w,回复 @李顾之的评论
https://p6-pc-sign.douyinpic.com/tos-cn-p-0015/5feaa30cf07a4fe1b8c4c64c096206d2_1654093239~tplv-dy-cropcenter:323:430.jpeg?biz_tag=pcweb_cover&from=3213915784&s=PackSourceEnum_PUBLISH&sc=cover&se=true&sh=323_430&x-expires=1983880800&x-signature=5pBx7ARQmn7gL807Oo4gSy8wukM%3D,https://www.douyin.com/video/7104276345403772160,10.7w,“有没有那种暗示队友很菜的话”
https://p3-pc-sign.douyinpic.com/tos-cn-p-0015/06c4b45c67f5403fb754f8966d2e5fc2~tplv-dy-cropcenter:323:430.jpeg?biz_tag=pcweb_cover&from=3213915784&s=PackSourceEnum_PUBLISH&sc=cover&se=true&sh=323_430&x-expires=1983880800&x-signature=Rz2aYXZdTZeTRyfXzKuhIbNEobE%3D,https://www.douyin.com/video/7103136227523611919,5.2w,在读书 读的釜山图书馆的书
https://p3-pc-sign.douyinpic.com/tos-cn-p-0015/93ce55fc6deb4eba938c4acd188d9c8b~tplv-dy-cropcenter:323:430.jpeg?biz_tag=pcweb_cover&from=3213915784&s=PackSourceEnum_PUBLISH&sc=cover&se=true&sh=323_430&x-expires=1983880800&x-signature=7ODGQhwhtAAT%2B157RfI8KdTB7HM%3D,https://www.douyin.com/video/7101978320983624994,3.5w,新玩具  #rog枪神6plus超竞版光剑变装 #枪神6Plus超竞版#光剑变装挑战
https://p9-pc-sign.douyinpic.com/tos-cn-p-0015/2ee58818a0c244c9820e963bd681daae_1653586909~tplv-dy-cropcenter:323:430.jpeg?biz_tag=pcweb_cover&from=3213915784&s=PackSourceEnum_PUBLISH&sc=cover&se=true&sh=323_430&x-expires=1983880800&x-signature=eTbiw6qPIiGvWfm044a63fkOH68%3D,https://www.douyin.com/video/7102046140475936000,64.3w,"生活早已磨平了我的棱角 
以前的我：你扣啥问号呢 
现在的我：哥 这个问号是什么意思呀 "
https://p6-pc-sign.douyinpic.com/tos-cn-p-0015/62493b9b07d14f2aa75b3f6b559caed7_1653488249~tplv-dy-cropcenter:323:430.jpeg?biz_tag=pcweb_cover&from=3213915784&s=PackSourceEnum_PUBLISH&sc=cover&se=true&sh=323_430&x-expires=1983880800&x-signature=ztdCkLoPsISif7NVFvCOpTYuPg4%3D,https://www.douyin.com/video/7101677914952863011,11.3w,我一个平A你怎么闪现大招全交了?
https://p6-pc-sign.douyinpic.com/tos-cn-p-0015/aaa6981379ce4e4ab17f352d00bd7555_1654014564~tplv-dy-cropcenter:323:430.jpeg?biz_tag=pcweb_cover&from=3213915784&s=PackSourceEnum_PUBLISH&sc=cover&se=true&sh=323_430&x-expires=1983880800&x-signature=T0LzGUM5z4tJIHnatc6j6IQuVlY%3D,https://www.douyin.com/video/7100549299708235043,6.8w,你上午抖音骂人  下午游戏骂人  睡前看比赛弹幕骂人  晚上你说你需要很多很多爱  你有病
https://p9-pc-sign.douyinpic.com/tos-cn-p-0015/d8372b5d87284fc0ada552738b8487bd~tplv-dy-cropcenter:323:430.jpeg?biz_tag=pcweb_cover&from=3213915784&s=PackSourceEnum_PUBLISH&sc=cover&se=true&sh=323_430&x-expires=1983880800&x-signature=%2FP1eEfkmjfVzPh8cF1RafbUHlV0%3D,https://www.douyin.com/video/7100198852183051555,8.0w,
https://p9-pc-sign.douyinpic.com/tos-cn-p-0015/f5e2c41c3aca4562a6404de3760f99e5_1652882511~tplv-dy-cropcenter:323:430.jpeg?biz_tag=pcweb_cover&from=3213915784&s=PackSourceEnum_PUBLISH&sc=cover&se=true&sh=323_430&x-expires=1983880800&x-signature=Kfa3l0yUXnrlslDaILg24V%2BY8lM%3D,https://www.douyin.com/video/7099076302141017385,33.3w,想知道一个男生温不温柔 排位先演他5把看看
https://p3-pc-sign.douyinpic.com/tos-cn-p-0015/d1052cd86b9f4bf58ea4cea34318dbc8_1652952485~tplv-dy-cropcenter:323:430.jpeg?biz_tag=pcweb_cover&from=3213915784&s=PackSourceEnum_PUBLISH&sc=cover&se=true&sh=323_430&x-expires=1983880800&x-signature=jW0xcb5aDMy9jrI57FCvh4gKVvo%3D,https://www.douyin.com/video/7098343248665660672,6.1w,我哪是什么刀锋舞者，我是回不去的刀锋意志，是断掉的利刃冲击，是打不出伤害的距破之舞，我们的距离就像永远叠不到满层的艾欧尼亚热诚。
https://p6-pc-sign.douyinpic.com/tos-cn-p-0015/cf0ed478bfbe4517a246302593342b43_1652536028~tplv-dy-cropcenter:323:430.jpeg?biz_tag=pcweb_cover&from=3213915784&s=PackSourceEnum_PUBLISH&sc=cover&se=true&sh=323_430&x-expires=1983880800&x-signature=g1dIOHEooPzuZkoFpgLE8sK0pe0%3D,https://www.douyin.com/video/7097588157226519842,8.6w,要游戏还是女朋友？
https://p9-pc-sign.douyinpic.com/tos-cn-p-0015/1784c6c6847441e4bacbc912816a5bfb_1652439750~tplv-dy-cropcenter:323:430.jpeg?biz_tag=pcweb_cover&from=3213915784&s=PackSourceEnum_PUBLISH&sc=cover&se=true&sh=323_430&x-expires=1983880800&x-signature=I5rAuR6qBhyAGX1%2FoHu2Vf2yvb0%3D,https://www.douyin.com/video/7097174642850319650,1.9w,人都是越被爱越可爱的 谢谢你们爱我 我也爱你们#TF520礼盒 #TF52裸玫瑰
https://p3-pc-sign.douyinpic.com/tos-cn-p-0015/50a55dd0e18642c6b3f546fe92fe97a4_1652276866~tplv-dy-cropcenter:323:430.jpeg?biz_tag=pcweb_cover&from=3213915784&s=PackSourceEnum_PUBLISH&sc=cover&se=true&sh=323_430&x-expires=1983880800&x-signature=4nVroPXajBhmsUlo4rRC49dWcN4%3D,https://www.douyin.com/video/7096475063666429218,7.3w,
https://p9-pc-sign.douyinpic.com/tos-cn-p-0015/fdcba9224bf249ea8a9416537df418d6_1651590471~tplv-dy-cropcenter:323:430.jpeg?biz_tag=pcweb_cover&from=3213915784&s=PackSourceEnum_PUBLISH&sc=cover&se=true&sh=323_430&x-expires=1983880800&x-signature=Rz1xkh4YeZkeykcp4dSpOwsXbi8%3D,https://www.douyin.com/video/7093519472098676008,25.7w,佛耶戈不会因为你不给他买新衣服而难过的 因为你和他一样深情 要把最好的留给爱人
https://p6-pc-sign.douyinpic.com/tos-cn-p-0015/51eb021a74e440bba06aab250d29aa32_1651506573~tplv-dy-cropcenter:323:430.jpeg?biz_tag=pcweb_cover&from=3213915784&s=PackSourceEnum_PUBLISH&sc=cover&se=true&sh=323_430&x-expires=1983880800&x-signature=m4r%2B5Yqhaw77hsI90aLcFgJnIAc%3D,https://www.douyin.com/video/7093166675628920098,7.1w,刚刚lol骂我的菜那个网友 我不止打字快 我还真的会一点钢琴 
https://p9-pc-sign.douyinpic.com/tos-cn-p-0015/981ba2b1592d46909de14bc592630293_1651411371~tplv-dy-cropcenter:323:430.jpeg?biz_tag=pcweb_cover&from=3213915784&s=PackSourceEnum_PUBLISH&sc=cover&se=true&sh=323_430&x-expires=1983880800&x-signature=mPcVvQjE7UGh%2FMOXEfgj1W0BFKA%3D,https://www.douyin.com/video/7092757811179867392,9.6w,@谁 谁晋级赛✓××✓x
https://p6-pc-sign.douyinpic.com/tos-cn-p-0015/e6c04055b96049eebc8e662ba8649391_1651169809~tplv-dy-cropcenter:323:430.jpeg?biz_tag=pcweb_cover&from=3213915784&s=PackSourceEnum_PUBLISH&sc=cover&se=true&sh=323_430&x-expires=1983880800&x-signature=WFVD%2BTYnFiJbXmvLkVf8loIHrxg%3D,https://www.douyin.com/video/7091628980712918287,14.5w,金铲铲现状
https://p9-pc-sign.douyinpic.com/tos-cn-p-0015/e045f4102e084effb51addc9feb25690_1650999234~tplv-dy-cropcenter:323:430.jpeg?biz_tag=pcweb_cover&from=3213915784&s=PackSourceEnum_PUBLISH&sc=cover&se=true&sh=323_430&x-expires=1983880800&x-signature=txW1zq5V3JsiiDDRnHUoHppuIso%3D,https://www.douyin.com/video/7090550771892243746,6.9w,我宁愿犯错 也不愿什么都不做
https://p3-pc-sign.douyinpic.com/tos-cn-p-0015/68a4bd3b95bd4847921ecd2371f92ba2_1650725844~tplv-dy-cropcenter:323:430.jpeg?biz_tag=pcweb_cover&from=3213915784&s=PackSourceEnum_PUBLISH&sc=cover&se=true&sh=323_430&x-expires=1983880800&x-signature=MAIAN6nnSG4Jf8pPRwvRqFj0gn8%3D,https://www.douyin.com/video/7089813485852380457,14.0w,看冠军罚站 #lpl
https://p9-pc-sign.douyinpic.com/tos-cn-p-0015/e452d9e1cf7143599bdaf861c7d5f076_1650127002~tplv-dy-cropcenter:323:430.jpeg?biz_tag=pcweb_cover&from=3213915784&s=PackSourceEnum_PUBLISH&sc=cover&se=true&sh=323_430&x-expires=1983880800&x-signature=epvEDaQnkr5NWJKXwViVG5CK0J0%3D,https://www.douyin.com/video/7087239255554133283,8.6w,@谁 谁排位连跪
https://p9-pc-sign.douyinpic.com/tos-cn-p-0015/2d9e5848434740f6b83ae85f3b2736a2_1650036690~tplv-dy-cropcenter:323:430.jpeg?biz_tag=pcweb_cover&from=3213915784&s=PackSourceEnum_PUBLISH&sc=cover&se=true&sh=323_430&x-expires=1983880800&x-signature=8IOJC6IyLpLnvu8RDZ0I2X7piLE%3D,https://www.douyin.com/video/7086853572557557027,2.8w,你凶什么 他只是来修电脑的 #更新上场carry全局 #变装
https://p6-pc-sign.douyinpic.com/tos-cn-p-0015/e5391b89f2ab4eed81cd25a9afb9b7a5_1649946003~tplv-dy-cropcenter:323:430.jpeg?biz_tag=pcweb_cover&from=3213915784&s=PackSourceEnum_PUBLISH&sc=cover&se=true&sh=323_430&x-expires=1983880800&x-signature=fWGnRsr9nVWffHGqJaYPG1Yxhfw%3D,https://www.douyin.com/video/7086464085138754856,8.7w,面试官: 你只有五台电脑玩游戏 却多来了一个朋友 那该怎么办   
https://p6-pc-sign.douyinpic.com/tos-cn-p-0015/5a4a1298fc3348009a57c7ca87e39748_1649596028~tplv-dy-cropcenter:323:430.jpeg?biz_tag=pcweb_cover&from=3213915784&s=PackSourceEnum_PUBLISH&sc=cover&se=true&sh=323_430&x-expires=1983880800&x-signature=FgLB4OUywPbi6uMqYjQuJI8du7k%3D,https://www.douyin.com/video/7084960968790314255,6.3w,连提亚马特都有停止主动的一天，何况是人呢
https://p3-pc-sign.douyinpic.com/tos-cn-p-0015/adbac9ba3a0d4debbbc70d9df333acb7_1649250064~tplv-dy-cropcenter:323:430.jpeg?biz_tag=pcweb_cover&from=3213915784&s=PackSourceEnum_PUBLISH&sc=cover&se=true&sh=323_430&x-expires=1983880800&x-signature=x853Zd5eEW%2BBZrauXli5fm1%2FGMI%3D,https://www.douyin.com/video/7083475066964479267,15.3w,一万场艾克 十万次时空断裂 我一次都没有回到有你的过去
https://p9-pc-sign.douyinpic.com/tos-cn-p-0015/8c45d16fa9384e8c8b7fe614abec80d3_1649090558~tplv-dy-cropcenter:323:430.jpeg?biz_tag=pcweb_cover&from=3213915784&s=PackSourceEnum_PUBLISH&sc=cover&se=true&sh=323_430&x-expires=1983880800&x-signature=uzbWVgCZwaSMFPtPx9sjrAMHEnM%3D,https://www.douyin.com/video/7082789961161788713,3.9w,回复 @年华零落成诗的评论
https://p9-pc-sign.douyinpic.com/tos-cn-p-0015/d3ada326fab24fedb69e2585c6c93ca8_1649084420~tplv-dy-cropcenter:323:430.jpeg?biz_tag=pcweb_cover&from=3213915784&s=PackSourceEnum_PUBLISH&sc=cover&se=true&sh=323_430&x-expires=1983880800&x-signature=Fswq7qTfR9%2BTfDunFtIZfpDsArk%3D,https://www.douyin.com/video/7082763632081128744,6.1w,怎么不回消息 是我打扰你了吗 如果是就把你最帅的兄弟推给我 谢谢你
https://p6-pc-sign.douyinpic.com/tos-cn-p-0015/baa9716af78d43cf90161b40895e2c71_1648830212~tplv-dy-cropcenter:323:430.jpeg?biz_tag=pcweb_cover&from=3213915784&s=PackSourceEnum_PUBLISH&sc=cover&se=true&sh=323_430&x-expires=1983880800&x-signature=eWPHa9hJg1d%2Flpy3RUzd3VxM1kc%3D,https://www.douyin.com/video/7081625189666082088,6.5w,你的游戏ID说出来一定很丢人吧
https://p6-pc-sign.douyinpic.com/tos-cn-p-0015/5f560a5d8d764528a92d02e2b8e61902_1648650395~tplv-dy-cropcenter:323:430.jpeg?biz_tag=pcweb_cover&from=3213915784&s=PackSourceEnum_PUBLISH&sc=cover&se=true&sh=323_430&x-expires=1983880800&x-signature=aI7L%2F%2Bhq39Zvs4gF%2Bnc43JQo%2BLk%3D,https://www.douyin.com/video/7080899496867024169,5.7w,拜托有个一起看比赛的女朋友超酷的好吗
https://p3-pc-sign.douyinpic.com/tos-cn-p-0015/a040ac4069da451497a2b19dbb9e5a8b~tplv-dy-cropcenter:323:430.jpeg?biz_tag=pcweb_cover&from=3213915784&s=PackSourceEnum_PUBLISH&sc=cover&se=true&sh=323_430&x-expires=1983880800&x-signature=3y8xXMr9BMePddWzzbLzhUsTSYc%3D,https://www.douyin.com/video/7077827391942331689,6.1w,我的电竞女友
https://p6-pc-sign.douyinpic.com/tos-cn-p-0015/fd3572ee65454f3ea85b2ab2794daac0_1647781985~tplv-dy-cropcenter:323:430.jpeg?biz_tag=pcweb_cover&from=3213915784&s=PackSourceEnum_PUBLISH&sc=cover&se=true&sh=323_430&x-expires=1983880800&x-signature=K%2Bp%2BOXfGN14wNmFuTSVE5jQZES4%3D,https://www.douyin.com/video/7077169708457397516,6.3w,再也不口嗨了 我说我喜欢你 你回我666
https://p3-pc-sign.douyinpic.com/tos-cn-p-0015/753f46c7a3fa42ceb7c6f4810c04bafc_1647611477~tplv-dy-cropcenter:323:430.jpeg?biz_tag=pcweb_cover&from=3213915784&s=PackSourceEnum_PUBLISH&sc=cover&se=true&sh=323_430&x-expires=1983880800&x-signature=DuMhXVJd%2FiN%2FIICbdGwqcNnwaN0%3D,https://www.douyin.com/video/7076437380340698407,9.3w,和你兄弟开完黑了吗 我来接你回家了
https://p6-pc-sign.douyinpic.com/tos-cn-p-0015/2eab4b1ef9a44abcbcc8203f3596b53a_1647441882~tplv-dy-cropcenter:323:430.jpeg?biz_tag=pcweb_cover&from=3213915784&s=PackSourceEnum_PUBLISH&sc=cover&se=true&sh=323_430&x-expires=1983880800&x-signature=NW7yCG9dzfGKOUh5iCX9TfjZdGw%3D,https://www.douyin.com/video/7075708954285706500,8.6w,我发现我还是太腼腆了 去中路吃兵线 怕打扰到中单就悄悄离开了 
https://p9-pc-sign.douyinpic.com/tos-cn-p-0015/b588b8a0d7054777932ae5a94841cd44_1647268890~tplv-dy-cropcenter:323:430.jpeg?biz_tag=pcweb_cover&from=3213915784&s=PackSourceEnum_PUBLISH&sc=cover&se=true&sh=323_430&x-expires=1983880800&x-signature=ibkJvcPnwdElS%2FNYmV1VycbQ1jA%3D,https://www.douyin.com/video/7074965997475646760,9.9w,游戏是偶尔想玩就玩的 不要天天玩 天天玩像在上班
https://p9-pc-sign.douyinpic.com/tos-cn-p-0015/ee5be9c6267642ec808b2f7ef4870c11_1647005547~tplv-dy-cropcenter:323:430.jpeg?biz_tag=pcweb_cover&from=3213915784&s=PackSourceEnum_PUBLISH&sc=cover&se=true&sh=323_430&x-expires=1983880800&x-signature=IEppOJbnr1UZ%2FUMWYCI8zYQTSo8%3D,https://www.douyin.com/video/7073834942488186127,7.6w,你的朋友圈好久没有提及你的战绩图了 你的游戏 晚霞 梦想和音乐都没了 怎么了 是不是和我一样进厂了
https://p3-pc-sign.douyinpic.com/tos-cn-p-0015/9c219b7e28fd432190188f384eb5601a_1646936010~tplv-dy-cropcenter:323:430.jpeg?biz_tag=pcweb_cover&from=3213915784&s=PackSourceEnum_PUBLISH&sc=cover&se=true&sh=323_430&x-expires=1983880800&x-signature=93QiGgzQFkytDcGvTTO6kxc8fZk%3D,https://www.douyin.com/video/7073467672754703631,12.5w,很喜欢男枪的一句话:穿上草鞋飞一般的感觉
https://p6-pc-sign.douyinpic.com/tos-cn-p-0015/b6e603cfbd174ebfb99a0647ce62c11a_1646579301~tplv-dy-cropcenter:323:430.jpeg?biz_tag=pcweb_cover&from=3213915784&s=PackSourceEnum_PUBLISH&sc=cover&se=true&sh=323_430&x-expires=1983880800&x-signature=u4YQhDcCgC3rHHfaRf7RJXewiUQ%3D,https://www.douyin.com/video/7072004226284604704,28.2w,麻烦大数据把我推送给卢锡安玩家 #传说中你为爱甘心被搁浅#美人鱼
https://p3-pc-sign.douyinpic.com/tos-cn-p-0015/b942a06f2947473bb5061e6a67c1bd68_1646411091~tplv-dy-cropcenter:323:430.jpeg?biz_tag=pcweb_cover&from=3213915784&s=PackSourceEnum_PUBLISH&sc=cover&se=true&sh=323_430&x-expires=1983880800&x-signature=d8Isn3ijnzpTXBy%2BKAyia%2FwuB0E%3D,https://www.douyin.com/video/7071281762143423778,15.1w,哪有什么蓄意轰拳 只不过是一个在决斗场即将被打死的小子的黄粱一梦罢了
https://p9-pc-sign.douyinpic.com/tos-cn-p-0015/a250024a9104415ab07c50728f1efd67_1646399802~tplv-dy-cropcenter:323:430.jpeg?biz_tag=pcweb_cover&from=3213915784&s=PackSourceEnum_PUBLISH&sc=cover&se=true&sh=323_430&x-expires=1983880800&x-signature=7Gtqcz5vDg8mJW4rJZE4WXP02yM%3D,https://www.douyin.com/video/7071233289117371651,6.7w,道上都喊我大小姐 你一句史森琳给我整懵了
https://p3-pc-sign.douyinpic.com/tos-cn-p-0015/708685e137c849499cf23aca51e37aef_1646226692~tplv-dy-cropcenter:323:430.jpeg?biz_tag=pcweb_cover&from=3213915784&s=PackSourceEnum_PUBLISH&sc=cover&se=true&sh=323_430&x-expires=1983880800&x-signature=MTTmFpB4D6HurJ1luJJVCeYcFkY%3D,https://www.douyin.com/video/7070489769691614499,69.1w,今天去办信用卡被拒绝了 他让我填经济来源 我填的窃法之刃 #过肩出场步伐
https://p9-pc-sign.douyinpic.com/tos-cn-p-0015/ec4eb9be10944b9a906e8c341599660d_1646119401~tplv-dy-cropcenter:323:430.jpeg?biz_tag=pcweb_cover&from=3213915784&s=PackSourceEnum_PUBLISH&sc=cover&se=true&sh=323_430&x-expires=1983880800&x-signature=MCnWdAIKEYdYgu4Xr5cCFLI%2BBZ0%3D,https://www.douyin.com/video/7070028973757009187,6.4w,不如沉默 看时间怎么说  #ysl1966
https://p9-pc-sign.douyinpic.com/tos-cn-p-0015/c7d2944e68af40f881980a7ce45ebe6b_1646055180~tplv-dy-cropcenter:323:430.jpeg?biz_tag=pcweb_cover&from=3213915784&s=PackSourceEnum_PUBLISH&sc=cover&se=true&sh=323_430&x-expires=1983880800&x-signature=8TsskhF0ROtYexwPyaTpLFcIof8%3D,https://www.douyin.com/video/7069753153331137825,7.8w,你们一般都取什么游戏名字
https://p6-pc-sign.douyinpic.com/tos-cn-p-0015/39b1e716fe2a4f97b5c12abaee9ca83b_1645797933~tplv-dy-cropcenter:323:430.jpeg?biz_tag=pcweb_cover&from=3213915784&s=PackSourceEnum_PUBLISH&sc=cover&se=true&sh=323_430&x-expires=1983880800&x-signature=zhMyxEsx3Li6qbA4wVEg%2FXsG%2B2Q%3D,https://www.douyin.com/video/7068648269882199328,8.2w,可以叫我一声那个吗 就内个 两个字的内个
https://p6-pc-sign.douyinpic.com/tos-cn-p-0015/3e6201734d2740d1a5d9b2871a5ed959_1645538071~tplv-dy-cropcenter:323:430.jpeg?biz_tag=pcweb_cover&from=3213915784&s=PackSourceEnum_PUBLISH&sc=cover&se=true&sh=323_430&x-expires=1983880800&x-signature=Y14lGBvnTaMvO7i55DBYoH2xs2U%3D,https://www.douyin.com/video/7067532181190544643,12.7w,谁要是娶到我这种爱打游戏的女人真是发大财了 老公天天下班回到家里饭是冷的汤是凉的只有电脑主机是热的
https://p6-pc-sign.douyinpic.com/tos-cn-p-0015/48178e82cac24c1f987605bb07f91d35_1645463894~tplv-dy-cropcenter:323:430.jpeg?biz_tag=pcweb_cover&from=3213915784&s=PackSourceEnum_PUBLISH&sc=cover&se=true&sh=323_430&x-expires=1983880800&x-signature=wJjQ1KaRBNtbaHp3%2BKBuYnMLGrw%3D,https://www.douyin.com/video/7067157650097720580,8.5w,泳池派对 凯特琳限定
https://p3-pc-sign.douyinpic.com/tos-cn-p-0015/40c91bfb94d547cea970d059abafdbec_1645190721~tplv-dy-cropcenter:323:430.jpeg?biz_tag=pcweb_cover&from=3213915784&s=PackSourceEnum_PUBLISH&sc=cover&se=true&sh=323_430&x-expires=1983880800&x-signature=kDqPF4Zs6td480Ni%2BkfpWrJ7Bl4%3D,https://www.douyin.com/video/7066040318151429415,29.4w,为了你 什么苦我都能吃 但是佐伊的Q不行
https://p6-pc-sign.douyinpic.com/tos-cn-p-0015/306336f793f14b1b8660886f49211048_1645106275~tplv-dy-cropcenter:323:430.jpeg?biz_tag=pcweb_cover&from=3213915784&s=PackSourceEnum_PUBLISH&sc=cover&se=true&sh=323_430&x-expires=1983880800&x-signature=hRZFIlV%2BtugQKQeFHRcwe5a4f9A%3D,https://www.douyin.com/video/7065677632259591457,6.9w,听我的 就选#湖南 网瘾重的 #各省对象选择图鉴
https://p9-pc-sign.douyinpic.com/tos-cn-p-0015/bc5033a11a9146ffaf6fafc17719f2a5_1645019308~tplv-dy-cropcenter:323:430.jpeg?biz_tag=pcweb_cover&from=3213915784&s=PackSourceEnum_PUBLISH&sc=cover&se=true&sh=323_430&x-expires=1983880800&x-signature=xkQXdv9T07yV4WEMjlB9qtfg0KE%3D,https://www.douyin.com/video/7065304109229821223,8.2w,你拿什么抵抗迦南？#迦南
https://p3-pc-sign.douyinpic.com/tos-cn-p-0015/93fe36af81d24ec9801fb7284e6aadd5_1644671604~tplv-dy-cropcenter:323:430.jpeg?biz_tag=pcweb_cover&from=3213915784&s=PackSourceEnum_PUBLISH&sc=cover&se=true&sh=323_430&x-expires=1983880800&x-signature=EzBTqoualvMxpnNf4%2FrlKBlQY7M%3D,https://www.douyin.com/video/7063810720831458572,11.5w,
https://p3-pc-sign.douyinpic.com/tos-cn-p-0015/1a42f6938b67467a958e7b31cf764c89_1644409458~tplv-dy-cropcenter:323:430.jpeg?biz_tag=pcweb_cover&from=3213915784&s=PackSourceEnum_PUBLISH&sc=cover&se=true&sh=323_430&x-expires=1983880800&x-signature=dY3%2BS892ySIYZAOAibdPaGRWJWU%3D,https://www.douyin.com/video/7062684814381534497,25.7w,以前都是和好兄弟玩 现在旁边却坐个憨憨
https://p3-pc-sign.douyinpic.com/tos-cn-p-0015/6b1a927ec4534ecf82948057fc778034_1644154986~tplv-dy-cropcenter:323:430.jpeg?biz_tag=pcweb_cover&from=3213915784&s=PackSourceEnum_PUBLISH&sc=cover&se=true&sh=323_430&x-expires=1983880800&x-signature=DO3i%2FR9ATULGuCmXl3XPp9rimjc%3D,https://www.douyin.com/video/7061591872241683745,12.2w,baby 晓明 晓明 他说baby去打球
https://p6-pc-sign.douyinpic.com/tos-cn-i-0813/6c71c1af57df4b96bfad474ea73c4c47~noop.jpeg?biz_tag=pcweb_cover&from=3213915784&se=false&x-expires=1669730400&x-signature=Af56Zpsg6NWil1voxUzgfljcnpA%3D,https://www.douyin.com/note/7060857156597255463,5.9w,男生常用的钓鱼方式1：游戏高分高段位截屏2：腹肌3：有猫4：朋友圈晒车晒购物袋5：卖惨
https://p6-pc-sign.douyinpic.com/tos-cn-p-0015/a35292a5b6c2476c87de601f13e0fc99_1643726671~tplv-dy-cropcenter:323:430.jpeg?biz_tag=pcweb_cover&from=3213915784&s=PackSourceEnum_PUBLISH&sc=cover&se=true&sh=323_430&x-expires=1983880800&x-signature=i8q3qGsdW%2Fp01LMAdCHFGMWJM7g%3D,https://www.douyin.com/video/7059741887397203204,19.1w,这边建议把你身边打野最厉害的男生艾特给我 谢谢
https://p3-pc-sign.douyinpic.com/tos-cn-p-0015/4ba2be582ba2451885b52734e54bff6c_1643454586~tplv-dy-cropcenter:323:430.jpeg?biz_tag=pcweb_cover&from=3213915784&s=PackSourceEnum_PUBLISH&sc=cover&se=true&sh=323_430&x-expires=1983880800&x-signature=uHDdLvRxnrBs4TdDBrKRjmvg4n4%3D,https://www.douyin.com/video/7058583669430160673,10.4w,合理安排时间给我剪的 《绝对没有被绑架》
https://p6-pc-sign.douyinpic.com/tos-cn-p-0015/017c6d5dae524d3ca9041d6f4cf5f0ba~tplv-dy-cropcenter:323:430.jpeg?biz_tag=pcweb_cover&from=3213915784&s=PackSourceEnum_PUBLISH&sc=cover&se=true&sh=323_430&x-expires=1983880800&x-signature=xONU2WMS8I04An5W830bZjDANQo%3D,https://www.douyin.com/video/7058561089742605600,3.9w,如果我说我会玩英雄联盟 云顶之弈 金铲铲 还有斗地主 正好还有点小漂亮呢
https://p3-pc-sign.douyinpic.com/tos-cn-p-0015/d8f913b13bcd4291a928d13e734e0fd2_1643189092~tplv-dy-cropcenter:323:430.jpeg?biz_tag=pcweb_cover&from=3213915784&s=PackSourceEnum_PUBLISH&sc=cover&se=true&sh=323_430&x-expires=1983880800&x-signature=P4jOG9pjO32nZ6hHVf841uJV0mg%3D,https://www.douyin.com/video/7057443333290872097,3.6w,"《给阿姨倒一杯卡布奇诺》 
#摩托罗拉edge系列 #摩托罗拉"
https://p6-pc-sign.douyinpic.com/tos-cn-p-0015/24586cdc47674f8c8084d80cea10dc3a_1643190385~tplv-dy-cropcenter:323:430.jpeg?biz_tag=pcweb_cover&from=3213915784&s=PackSourceEnum_PUBLISH&sc=cover&se=true&sh=323_430&x-expires=1983880800&x-signature=NO5quF%2B8mJUOQEbIeXwFaXpe%2FD4%3D,https://www.douyin.com/video/7057393153006947622,11.1w,我永远热爱英雄联盟 #生活这点儿小事
https://p9-pc-sign.douyinpic.com/tos-cn-p-0015/91af38496106429f8efea19467108016_1643081939~tplv-dy-cropcenter:323:430.jpeg?biz_tag=pcweb_cover&from=3213915784&s=PackSourceEnum_PUBLISH&sc=cover&se=true&sh=323_430&x-expires=1983880800&x-signature=BOeAhUWJ%2Fa0FqrmlyVFgmxlzsB0%3D,https://www.douyin.com/video/7055975070631562534,8.5w,羡慕有这样的女朋友吗
https://p9-pc-sign.douyinpic.com/tos-cn-p-0015/3a06a5586d254ad8b0a25b0cb5577a76_1642858480~tplv-dy-cropcenter:323:430.jpeg?biz_tag=pcweb_cover&from=3213915784&s=PackSourceEnum_PUBLISH&sc=cover&se=true&sh=323_430&x-expires=1983880800&x-signature=6W4Hd6PbRNU7rdtLX%2BvVVrxTVMI%3D,https://www.douyin.com/video/7056023403756621089,12.9w,我很满意 这就是我打职业时看到会羡慕的女明星模样 #紫萱
https://p9-pc-sign.douyinpic.com/tos-cn-p-0015/0b8bbe58db8b47c3add0906de1fe520c_1642692179~tplv-dy-cropcenter:323:430.jpeg?biz_tag=pcweb_cover&from=3213915784&s=PackSourceEnum_PUBLISH&sc=cover&se=true&sh=323_430&x-expires=1983880800&x-signature=guT%2FxELOradApjSH6eFGPsmwMwo%3D,https://www.douyin.com/video/7055309144315743491,10.0w,2022择偶标准：不会刀妹的不要。
https://p6-pc-sign.douyinpic.com/tos-cn-p-0015/ad208ff0671b4cceafb20e25fd1460b8_1642504254~tplv-dy-cropcenter:323:430.jpeg?biz_tag=pcweb_cover&from=3213915784&s=PackSourceEnum_PUBLISH&sc=cover&se=true&sh=323_430&x-expires=1983880800&x-signature=Fs42pRhQdGPId6DgYCBAIV%2BW2s4%3D,https://www.douyin.com/video/7054502035307121959,3.9w,我老婆在台上辅助职业选手 我好有面子
https://p9-pc-sign.douyinpic.com/tos-cn-p-0015/c0a98bd5fe16478a9d1274ac9cb42562~tplv-dy-cropcenter:323:430.jpeg?biz_tag=pcweb_cover&from=3213915784&s=PackSourceEnum_PUBLISH&sc=cover&se=true&sh=323_430&x-expires=1983880800&x-signature=tq184TS08dYnROBWbf%2Fs1S96SF4%3D,https://www.douyin.com/video/7053819803613662503,11.2w,我老婆在台上斗地主 我好有面子
https://p3-pc-sign.douyinpic.com/tos-cn-p-0015/535fee560d4a4211be0b79065d7a9442_1642257970~tplv-dy-cropcenter:323:430.jpeg?biz_tag=pcweb_cover&from=3213915784&s=PackSourceEnum_PUBLISH&sc=cover&se=true&sh=323_430&x-expires=1983880800&x-signature=PtP%2F5mztxtYMno3rtRmlpqePVdk%3D,https://www.douyin.com/video/7053444246476426528,6.9w,《穿了伊芙的琳》
https://p3-pc-sign.douyinpic.com/tos-cn-i-0813/ccaccd9e883842eb8291b09b2fd65f57~noop.jpeg?biz_tag=pcweb_cover&from=3213915784&se=false&x-expires=1669730400&x-signature=6yy8bYuouaiCAZPXMVBUTbWtNXg%3D,https://www.douyin.com/note/7053051427459009831,10.1w,当你拥有一个爱打游戏风格又多变的女朋友 #抖音图文来了
https://p9-pc-sign.douyinpic.com/tos-cn-p-0015/5aa870d2a6c6464198ae8003d553e49c_1642003410~tplv-dy-cropcenter:323:430.jpeg?biz_tag=pcweb_cover&from=3213915784&s=PackSourceEnum_PUBLISH&sc=cover&se=true&sh=323_430&x-expires=1983880800&x-signature=XhArRmV5wIRw7rWnjfvAQc74Ack%3D,https://www.douyin.com/video/7052000948016729383,4.9w,打的好不好不重要 姿势一定要帅
https://p6-pc-sign.douyinpic.com/tos-cn-p-0015/890ea4e811f24b5588ae3037f40bb96a_1641824091~tplv-dy-cropcenter:323:430.jpeg?biz_tag=pcweb_cover&from=3213915784&s=PackSourceEnum_PUBLISH&sc=cover&se=true&sh=323_430&x-expires=1983880800&x-signature=aXH%2BORk7rIyB61XUikrUSQZigr4%3D,https://www.douyin.com/video/7051580748486298913,5.5w,你战绩里的璐璐开始变成常驻民 迦娜的风没有一次再吹进你心里
https://p3-pc-sign.douyinpic.com/tos-cn-p-0015/d206c52425f04c0d83b62a7596c6e278_1641479703~tplv-dy-cropcenter:323:430.jpeg?biz_tag=pcweb_cover&from=3213915784&s=PackSourceEnum_PUBLISH&sc=cover&se=true&sh=323_430&x-expires=1983880800&x-signature=8IGv0jMqZLBGJ9H05o1KGxnfuqc%3D,https://www.douyin.com/video/7050101617995091232,12.2w,进化版KDA 卡莎 #氛围灯就该这样玩 
https://p9-pc-sign.douyinpic.com/tos-cn-i-0813/3165bb8656314762b372daaaa8157960~noop.jpeg?biz_tag=pcweb_cover&from=3213915784&se=false&x-expires=1669730400&x-signature=ikjWICfrcBQmTy32DhdDbtl9d%2BU%3D,https://www.douyin.com/note/7049245978943163659,8.3w,杀不死的只会更强大
https://p3-pc-sign.douyinpic.com/tos-cn-p-0015/4bbc8a68b84e4dc8ac6b01d201c1b6d0_1641043931~tplv-dy-cropcenter:323:430.jpeg?biz_tag=pcweb_cover&from=3213915784&s=PackSourceEnum_PUBLISH&sc=cover&se=true&sh=323_430&x-expires=1983880800&x-signature=QAqN%2BGGVIQycy%2BabwKBeUj%2FH00Q%3D,https://www.douyin.com/video/7048229975832431884,6.8w,在线抓ad了 顶得住坐牢的来 #索拉卡 
https://p3-pc-sign.douyinpic.com/tos-cn-p-0015/b4f344b94e964fb4b3d644c99dfcef2d~tplv-dy-cropcenter:323:430.jpeg?biz_tag=pcweb_cover&from=3213915784&s=PackSourceEnum_PUBLISH&sc=cover&se=true&sh=323_430&x-expires=1983880800&x-signature=PoXrPXy4iLqTFzwKcVGeemXtSZk%3D,https://www.douyin.com/video/7047094716520746278,3.4w,东风吹破少女心 生活磨灭英雄梦 
https://p3-pc-sign.douyinpic.com/tos-cn-p-0015/eb05836ce20c4e24aa76d3e4624a7ed8_1641227287~tplv-dy-cropcenter:323:430.jpeg?biz_tag=pcweb_cover&from=3213915784&s=PackSourceEnum_PUBLISH&sc=cover&se=true&sh=323_430&x-expires=1983880800&x-signature=ipQ3jAO9QmX4HqvcCn8ujQg7zzo%3D,https://www.douyin.com/video/7046736684674796833,2.0w,每日一问 哥几个看我lolm的冰雪节综艺了吗
https://p3-pc-sign.douyinpic.com/tos-cn-p-0015/7ffde1f1cf7c4c8e993a52e01cecb626~tplv-dy-cropcenter:323:430.jpeg?biz_tag=pcweb_cover&from=3213915784&s=PackSourceEnum_PUBLISH&sc=cover&se=true&sh=323_430&x-expires=1983880800&x-signature=%2B60DejyzC4Mvhe4JKfg%2FoEu93Q4%3D,https://www.douyin.com/video/7046354581835615500,30.9w,@RNG_Letme 听说你很会敲装备，能给我来一件吗
https://p6-pc-sign.douyinpic.com/tos-cn-i-0813/027b80d9b9374aaa855da484917144c2~noop.jpeg?biz_tag=pcweb_cover&from=3213915784&se=false&x-expires=1669730400&x-signature=11gg5CddMoEZK99WubSnatcjYJs%3D,https://www.douyin.com/note/7045854426866715916,7.8w,你迟到的礼物 是我
https://p6-pc-sign.douyinpic.com/tos-cn-i-0813/9ed52e9036bf484eb74cb84999862a04~noop.jpeg?biz_tag=pcweb_cover&from=3213915784&se=false&x-expires=1669730400&x-signature=TDFbcgFg3%2Bu49kL34jFrfknIwOM%3D,https://www.douyin.com/note/7045195355381730564,9.5w,gank到余庆伟和管泽元辣！
https://p3-pc-sign.douyinpic.com/tos-cn-p-0015/8f93941c62a14a8787f0c397fe3b5716_1640103308~tplv-dy-cropcenter:323:430.jpeg?biz_tag=pcweb_cover&from=3213915784&s=PackSourceEnum_PUBLISH&sc=cover&se=true&sh=323_430&x-expires=1983880800&x-signature=jIK3jjjQv2vNhMrRjF9sBubXcEY%3D,https://www.douyin.com/video/7044190029870124320,5.2w,卢锡安 赶紧来青岛给你老婆剥栗子
https://p6-pc-sign.douyinpic.com/tos-cn-p-0015/e0641582bb094e4b9a4bf16c5b615565~tplv-dy-cropcenter:323:430.jpeg?biz_tag=pcweb_cover&from=3213915784&s=PackSourceEnum_PUBLISH&sc=cover&se=true&sh=323_430&x-expires=1983880800&x-signature=FnrRzy44yIcVKmabjBONNPISR9c%3D,https://www.douyin.com/video/7041187314613177611,8.4w,乌兹看了都摇头 #变身就得来点与众不同的 
https://p3-pc-sign.douyinpic.com/tos-cn-i-0813/657c3d64b4be4b5fa94e1a312d2c6f22~noop.jpeg?biz_tag=pcweb_cover&from=3213915784&se=false&x-expires=1669730400&x-signature=tE0TUjN4lbLqSCy3liNtjnyEvNw%3D,https://www.douyin.com/note/7040835522180222219,14.3w,奶奶总说.....#刀妹 #抖音图文来了 
https://p3-pc-sign.douyinpic.com/tos-cn-p-0015/d997825646874ef69401199fa3d3aa91_1639056690~tplv-dy-cropcenter:323:430.jpeg?biz_tag=pcweb_cover&from=3213915784&s=PackSourceEnum_PUBLISH&sc=cover&se=true&sh=323_430&x-expires=1983880800&x-signature=8vuo8k5dmPxAneUKLzot%2BLbdjuw%3D,https://www.douyin.com/video/7039694844318502147,19.8w,"还有人记得曾经的刀锋意志吗 
#刀妹 #我们意念合一 "
https://p9-pc-sign.douyinpic.com/tos-cn-p-0015/da1c287061184f62a31a28cb9f8b89a5_1638797443~tplv-dy-cropcenter:323:430.jpeg?biz_tag=pcweb_cover&from=3213915784&s=PackSourceEnum_PUBLISH&sc=cover&se=true&sh=323_430&x-expires=1983880800&x-signature=TRhCFJ%2Fyg1et09xL%2BFnCrImzfgE%3D,https://www.douyin.com/video/7038581300898336038,13.8w,在我心里已经偷偷嫁给卢锡安一次了
https://p3-pc-sign.douyinpic.com/tos-cn-p-0015/de82532850b8465f81dff4a4302ffac5_1638638250~tplv-dy-cropcenter:323:430.jpeg?biz_tag=pcweb_cover&from=3213915784&s=PackSourceEnum_PUBLISH&sc=cover&se=true&sh=323_430&x-expires=1983880800&x-signature=iQFLHYoQUO2YPB4EyWi1MHIy5hM%3D,https://www.douyin.com/video/7037897649525132577,7.3w,咱俩打下路吧 指定嘎嘎乱杀 我负责嘎嘎 你负责乱杀
https://p9-pc-sign.douyinpic.com/tos-cn-p-0015/84988f93e4cc4606b64a9d20ceeef918_1638452149~tplv-dy-cropcenter:323:430.jpeg?biz_tag=pcweb_cover&from=3213915784&s=PackSourceEnum_PUBLISH&sc=cover&se=true&sh=323_430&x-expires=1983880800&x-signature=yq1Br7ZDAoYYZaA14t1AkniSTuo%3D,https://www.douyin.com/video/7037098345130675489,8.6w,这不比官方发的正式？ #圣诞摇铃变装 
https://p9-pc-sign.douyinpic.com/tos-cn-p-0015/0a2d580555af4a9aba4419f54da155b1_1638366898~tplv-dy-cropcenter:323:430.jpeg?biz_tag=pcweb_cover&from=3213915784&s=PackSourceEnum_PUBLISH&sc=cover&se=true&sh=323_430&x-expires=1983880800&x-signature=lOP9YpJih5QF4Is993aOz51eQjg%3D,https://www.douyin.com/video/7036732221650128161,5.2w,快过年了 也没什么好送你的 上游戏吧  我送你几个人头
https://p3-pc-sign.douyinpic.com/tos-cn-p-0015/d468c1a9ccb94db08268b1bbcac3434f_1638101866~tplv-dy-cropcenter:323:430.jpeg?biz_tag=pcweb_cover&from=3213915784&s=PackSourceEnum_PUBLISH&sc=cover&se=true&sh=323_430&x-expires=1983880800&x-signature=0Xi%2BWiWzUxM6eaao0tZWI0cSOSg%3D,https://www.douyin.com/video/7035593911343025412,11.1w,天天游戏里劲夫劲夫的，他能打得过我吗#映核计划 @剪映 #大学生为了做视频有多努力
https://p9-pc-sign.douyinpic.com/tos-cn-p-0015/a7840d2f13d84aeb9e53dcb3d7b24143_1637930459~tplv-dy-cropcenter:323:430.jpeg?biz_tag=pcweb_cover&from=3213915784&s=PackSourceEnum_PUBLISH&sc=cover&se=true&sh=323_430&x-expires=1983880800&x-signature=2Ctc0UowUbSl%2FYzrDz133TPaKgY%3D,https://www.douyin.com/video/7034857395675221287,4.4w,青春不会消失 不过是被忙碌藏起来了
https://p9-pc-sign.douyinpic.com/tos-cn-p-0015/a244d485adc642a2a9b9258a696089bd_1637756572~tplv-dy-cropcenter:323:430.jpeg?biz_tag=pcweb_cover&from=3213915784&s=PackSourceEnum_PUBLISH&sc=cover&se=true&sh=323_430&x-expires=1983880800&x-signature=qXpIr1mVyzmbxAk%2Ftq6YkqvvUWU%3D,https://www.douyin.com/video/7034110842291375371,8.5w,所以艾克的大招是回到从前 那个时候她还叫爆爆
https://p9-pc-sign.douyinpic.com/tos-cn-p-0015/987bf40d11f6423e9c7454e6cdd2fa47_1637588369~tplv-dy-cropcenter:323:430.jpeg?biz_tag=pcweb_cover&from=3213915784&s=PackSourceEnum_PUBLISH&sc=cover&se=true&sh=323_430&x-expires=1983880800&x-signature=C9sXx1J8KpY63ek1uSwcntln7nk%3D,https://www.douyin.com/video/7033388449180814631,38.5w,冰雪节限定
https://p3-sign.douyinpic.com/tos-cn-i-dy/d17a7bb3a9424f9187e0f39ff60a85e7~noop.jpeg?from=3213915784&s=PackSourceEnum_PUBLISH&sc=optimized_cover&se=false&x-expires=1669730400&x-signature=LNu62apjp7it9rrtnaRvKDPexok%3D,https://www.douyin.com/video/7032507604320505096,5.5w,冬天好冷啊，照样美美凹造型#羊羔毛#变装@adidasOriginals  
https://p9-pc-sign.douyinpic.com/tos-cn-p-0015/0c2b28b8bf0c4725b8f6a2c941788a38_1637330890~tplv-dy-cropcenter:323:430.jpeg?biz_tag=pcweb_cover&from=3213915784&s=PackSourceEnum_PUBLISH&sc=cover&se=true&sh=323_430&x-expires=1983880800&x-signature=5hBkqg%2BZgvdxagJoV9yAHVyfTl0%3D,https://www.douyin.com/video/7032282592632229159,10.4w,英雄联盟手游也太好玩了 什么时候出个端游版 
https://p3-pc-sign.douyinpic.com/tos-cn-p-0015/0f6750aef4cb4cd6ac82f3bfea6ff094~tplv-dy-cropcenter:323:430.jpeg?biz_tag=pcweb_cover&from=3213915784&s=PackSourceEnum_PUBLISH&sc=cover&se=true&sh=323_430&x-expires=1983880800&x-signature=U3gh48llXBVhjVpnSzKsIfg4Ses%3D,https://www.douyin.com/video/7031207248403778855,13.9w,
https://p3-pc-sign.douyinpic.com/tos-cn-p-0015/d8e750d4aece4c19bad5b2640d832889_1636901146~tplv-dy-cropcenter:323:430.jpeg?biz_tag=pcweb_cover&from=3213915784&s=PackSourceEnum_PUBLISH&sc=cover&se=true&sh=323_430&x-expires=1983880800&x-signature=jTk8yRiXyVZ1mX%2FVX8YULfYfgDs%3D,https://www.douyin.com/video/7030436871800950049,16.6w,uzi要是复出我单身一年
https://p6-pc-sign.douyinpic.com/tos-cn-p-0015/55ac0c8a8ff547e295e3230d4ec820d0_1636730401~tplv-dy-cropcenter:323:430.jpeg?biz_tag=pcweb_cover&from=3213915784&s=PackSourceEnum_PUBLISH&sc=cover&se=true&sh=323_430&x-expires=1983880800&x-signature=cKEJZM73xTflN35K%2FM0BNzAhOBQ%3D,https://www.douyin.com/video/7029703517329820932,36.1w,奶奶常说.....#刀妹 
https://p6-pc-sign.douyinpic.com/tos-cn-p-0015/24fbc527a630437dbe4a7e7722db3582_1636555907~tplv-dy-cropcenter:323:430.jpeg?biz_tag=pcweb_cover&from=3213915784&s=PackSourceEnum_PUBLISH&sc=cover&se=true&sh=323_430&x-expires=1983880800&x-signature=3a%2F5bo%2FLNNmerr6cmfIbYG7j1QA%3D,https://www.douyin.com/video/7028954055993003275,16.6w,"锁骨只养卢锡安玩家                             
#周大福monologue "
https://p3-pc-sign.douyinpic.com/tos-cn-p-0015/356111c3434b406bac94962f7d52f262_1636380061~tplv-dy-cropcenter:323:430.jpeg?biz_tag=pcweb_cover&from=3213915784&s=PackSourceEnum_PUBLISH&sc=cover&se=true&sh=323_430&x-expires=1983880800&x-signature=R4YSMcYZsDH25vrZjUurt%2F3Bnsw%3D,https://www.douyin.com/video/7028198833138044192,7.9w,七天见效 网瘾零基础变乖 
https://p9-pc-sign.douyinpic.com/tos-cn-p-0015/e5b1bfc5c7014933be433de10b00f491_1636277777~tplv-dy-cropcenter:323:430.jpeg?biz_tag=pcweb_cover&from=3213915784&s=PackSourceEnum_PUBLISH&sc=cover&se=true&sh=323_430&x-expires=1983880800&x-signature=qM97ZFTq0vW0v9YumRsrF6hmqNs%3D,https://www.douyin.com/video/7027759517433679137,7.0w,拿到应援还是会忍不住贴上
https://p6-pc-sign.douyinpic.com/tos-cn-p-0015/271eb4fbbca149eebff5e4dc0a42425a_1636219431~tplv-dy-cropcenter:323:430.jpeg?biz_tag=pcweb_cover&from=3213915784&s=PackSourceEnum_PUBLISH&sc=cover&se=true&sh=323_430&x-expires=1983880800&x-signature=V3UWrvLkkvM0X%2BSK60LlVqutPEc%3D,https://www.douyin.com/video/7027508920377675012,10.2w,是冠军！！！ 
https://p9-pc-sign.douyinpic.com/tos-cn-p-0015/cdf85fc8d21946a883d0aa76462336c4_1636034815~tplv-dy-cropcenter:323:430.jpeg?biz_tag=pcweb_cover&from=3213915784&s=PackSourceEnum_PUBLISH&sc=cover&se=true&sh=323_430&x-expires=1983880800&x-signature=TCRWcmOEwhwDVsmEgpOGa%2Bh4lXg%3D,https://www.douyin.com/video/7026716003904081185,4.4w,放心 不止谈恋爱 就连游戏我也只会一对一
https://p9-pc-sign.douyinpic.com/tos-cn-p-0015/48d9b602fe7a417fb338b25a00cd137c~tplv-dy-cropcenter:323:430.jpeg?biz_tag=pcweb_cover&from=3213915784&s=PackSourceEnum_PUBLISH&sc=cover&se=true&sh=323_430&x-expires=1983880800&x-signature=aPCObVXuSmTqng%2BBMoYQKXHTf4o%3D,https://www.douyin.com/video/7025619696191802635,8.3w,
https://p9-pc-sign.douyinpic.com/tos-cn-p-0015/49a52de9a0f94a6d82b5516760cf6c43~tplv-dy-cropcenter:323:430.jpeg?biz_tag=pcweb_cover&from=3213915784&s=PackSourceEnum_PUBLISH&sc=cover&se=true&sh=323_430&x-expires=1983880800&x-signature=uopcbwI4voNu%2FWSMrh%2B0D5jdCBw%3D,https://www.douyin.com/video/7023376100747185412,7.3w,人生得意须尽欢 奖励一把卢锡安 
https://p3-pc-sign.douyinpic.com/tos-cn-p-0015/cd6b7e21c8cf4ad8b849a73db45e2333_1634989315~tplv-dy-cropcenter:323:430.jpeg?biz_tag=pcweb_cover&from=3213915784&s=PackSourceEnum_PUBLISH&sc=cover&se=true&sh=323_430&x-expires=1983880800&x-signature=sc%2Bp3pnobmZH2yQpDVUlcd6uhKo%3D,https://www.douyin.com/video/7022225579319610663,5.5w,这音乐 让我想起了在冰岛御剑飞行的日子
https://p9-pc-sign.douyinpic.com/tos-cn-p-0015/76f592ec76734cf581cb0d5ce9ac200e_1634742209~tplv-dy-cropcenter:323:430.jpeg?biz_tag=pcweb_cover&from=3213915784&s=PackSourceEnum_PUBLISH&sc=cover&se=true&sh=323_430&x-expires=1983880800&x-signature=iki0%2B43ndYc4PxzNipUCk5K%2Bodg%3D,https://www.douyin.com/video/7021164278472346892,55.1w,上分新思路 #内卷 
https://p9-pc-sign.douyinpic.com/tos-cn-p-0015/8c378559a88f4aeabf60057b62838f69_1634560564~tplv-dy-cropcenter:323:430.jpeg?biz_tag=pcweb_cover&from=3213915784&s=PackSourceEnum_PUBLISH&sc=cover&se=true&sh=323_430&x-expires=1983880800&x-signature=kFeoAUkkluZ5stHrlnrmqnwaLw8%3D,https://www.douyin.com/video/7020384143720713505,4.8w,原来爷青结是指爷的青春结婚了
https://p6-pc-sign.douyinpic.com/tos-cn-p-0015/67c1e17508b94b769327775366071aef~tplv-dy-cropcenter:323:430.jpeg?biz_tag=pcweb_cover&from=3213915784&s=PackSourceEnum_PUBLISH&sc=cover&se=true&sh=323_430&x-expires=1983880800&x-signature=7hdqCoHP7pZcwcHDBmFjHvEBZxo%3D,https://www.douyin.com/video/7020072097405816096,7.3w,冰岛的风还是太大了 LPL加油呀  #桃花开时想起你   
https://p3-pc-sign.douyinpic.com/tos-cn-p-0015/fcf3e5436d734b779866c31ef9d78438~tplv-dy-cropcenter:323:430.jpeg?biz_tag=pcweb_cover&from=3213915784&s=PackSourceEnum_PUBLISH&sc=cover&se=true&sh=323_430&x-expires=1983880800&x-signature=3ew0T%2BMSyEtm0l4Iy5kQquwv3S8%3D,https://www.douyin.com/video/7019689550691716355,4.5w,
https://p6-pc-sign.douyinpic.com/tos-cn-p-0015/b1c161a8432445f68ebf90ff2ccad764~tplv-dy-cropcenter:323:430.jpeg?biz_tag=pcweb_cover&from=3213915784&s=PackSourceEnum_PUBLISH&sc=cover&se=true&sh=323_430&x-expires=1983880800&x-signature=G6VBryz8NbxTHSgcJgSnWDPG72Q%3D,https://www.douyin.com/video/7019292759207005451,4.6w,我没有腕豪的腹肌 也没有沃利贝尔的身高 没有佛耶戈深情 也没有像盖伦那样的英勇 只能像诺手一样扛下所有
https://p9-pc-sign.douyinpic.com/tos-cn-p-0015/ff2f98729c904f9894e7b3a626e0e21b~tplv-dy-cropcenter:323:430.jpeg?biz_tag=pcweb_cover&from=3213915784&s=PackSourceEnum_PUBLISH&sc=cover&se=true&sh=323_430&x-expires=1983880800&x-signature=fTmQo8sCu6AN8OpVSiyPbWr7Aes%3D,https://www.douyin.com/video/7018921812566265099,5.3w,原则上我从不心动 但很难对卢锡安说不 #双枪会给出答案 
https://p6-pc-sign.douyinpic.com/tos-cn-p-0015/0296b57092524623a836266baf7fb598_1633874479~tplv-dy-cropcenter:323:430.jpeg?biz_tag=pcweb_cover&from=3213915784&s=PackSourceEnum_PUBLISH&sc=cover&se=true&sh=323_430&x-expires=1983880800&x-signature=%2Bodx15spDE1A94T3q3bPl4DdQZ0%3D,https://www.douyin.com/video/7017437433625070880,5.5w,玩英雄联盟手游 看到对面辅助开局来帮中路清线 我就知道这把稳了
https://p6-pc-sign.douyinpic.com/tos-cn-p-0015/9b7b755b6f054de09e421184eb0ef004_1633617198~tplv-dy-cropcenter:323:430.jpeg?biz_tag=pcweb_cover&from=3213915784&s=PackSourceEnum_PUBLISH&sc=cover&se=true&sh=323_430&x-expires=1983880800&x-signature=uwUD16FJbEMRqDfiLjvW8FcYJE8%3D,https://www.douyin.com/video/7016332422803492129,15.3w,长这么大没被人抱过 直到遇到腕豪 
https://p9-pc-sign.douyinpic.com/tos-cn-p-0015/da39ecb1b09946588aaa9792ffa6713f~tplv-dy-cropcenter:323:430.jpeg?biz_tag=pcweb_cover&from=3213915784&s=PackSourceEnum_PUBLISH&sc=cover&se=true&sh=323_430&x-expires=1983880800&x-signature=zjKAp3QPy0BJFDlUs3zXR8BlP8g%3D,https://www.douyin.com/video/7014468241233923360,7.1w,气势上压倒 今天是姐姐
https://p3-pc-sign.douyinpic.com/tos-cn-p-0015/803e495cf3af4d12a673a60e5f4ac778~tplv-dy-cropcenter:323:430.jpeg?biz_tag=pcweb_cover&from=3213915784&s=PackSourceEnum_PUBLISH&sc=cover&se=true&sh=323_430&x-expires=1983880800&x-signature=bD5rSG6kZZxSQc0D%2FHS7wVdbStM%3D,https://www.douyin.com/video/7013371544495754500,8.6w,我所追随的光 是五星红旗的光
https://p3-pc-sign.douyinpic.com/tos-cn-p-0015/60bcb1a9ade64040bc6f9c19a099d8f4_1632837464~tplv-dy-cropcenter:323:430.jpeg?biz_tag=pcweb_cover&from=3213915784&s=PackSourceEnum_PUBLISH&sc=cover&se=true&sh=323_430&x-expires=1983880800&x-signature=%2BZznd24uRokUSa9tvylyl0CRky0%3D,https://www.douyin.com/video/7012983480078454048,5.3w,我奇亚娜连招慢 以后和我学 
https://p6-pc-sign.douyinpic.com/tos-cn-p-0015/5d7d394d5e2c4c3a867103aafab19e60~tplv-dy-cropcenter:323:430.jpeg?biz_tag=pcweb_cover&from=3213915784&s=PackSourceEnum_PUBLISH&sc=cover&se=true&sh=323_430&x-expires=1983880800&x-signature=xS7g9aBEbjV0mBHs7dR3vKpOhJs%3D,https://www.douyin.com/video/7010760202911862027,4.7w,当一个男人说他愿意为你做任何事，他指的是击退史莱姆和斩杀恶龙，而不是拖地和洗碗
https://p9-pc-sign.douyinpic.com/tos-cn-p-0015/9ede2195374b40db8fd98d2d9a416b12_1631888073~tplv-dy-cropcenter:323:430.jpeg?biz_tag=pcweb_cover&from=3213915784&s=PackSourceEnum_PUBLISH&sc=cover&se=true&sh=323_430&x-expires=1983880800&x-signature=%2Fpa3mME8uxJydVuOB2oZ%2Bvn3Jgc%3D,https://www.douyin.com/video/7008905882834717984,6.1w,叫你的笨蛋兄弟来和我对线
https://p9-pc-sign.douyinpic.com/tos-cn-p-0015/600785247c664e87855f3e27093110cd~tplv-dy-cropcenter:323:430.jpeg?biz_tag=pcweb_cover&from=3213915784&s=PackSourceEnum_PUBLISH&sc=cover&se=true&sh=323_430&x-expires=1983880800&x-signature=pVzcvRmDjZqaQArJlm0TXEGzv%2FE%3D,https://www.douyin.com/video/7008532533839154444,8.6w,出来上网  把钱上完  把头上傻  把家上没 
https://p3-pc-sign.douyinpic.com/tos-cn-p-0015/a2de3ec329ba4488bce6cd3e06e452c9_1631285872~tplv-dy-cropcenter:323:430.jpeg?biz_tag=pcweb_cover&from=3213915784&s=PackSourceEnum_PUBLISH&sc=cover&se=true&sh=323_430&x-expires=1983880800&x-signature=KxCDwv7qotaJuTIXggpMJsma31A%3D,https://www.douyin.com/video/7006319423548165415,10.5w,18RNG输G2 19勇士输猛龙 贝吉塔到最后没超越悟空 或许青春本就不完美
https://p6-pc-sign.douyinpic.com/tos-cn-p-0015/92d842e72c074d8ea7f1f21384d8bc19~tplv-dy-cropcenter:323:430.jpeg?biz_tag=pcweb_cover&from=3213915784&s=PackSourceEnum_PUBLISH&sc=cover&se=true&sh=323_430&x-expires=1983880800&x-signature=UkpOJtr7YuiJWfx9wsAIuvmRNV0%3D,https://www.douyin.com/video/7005189875792203040,17.6w,队友坑我千百遍  我待队友如初恋
https://p3-pc-sign.douyinpic.com/tos-cn-p-0015/f635350601ef4ed1a7093046bbe84365~tplv-dy-cropcenter:323:430.jpeg?biz_tag=pcweb_cover&from=3213915784&s=PackSourceEnum_PUBLISH&sc=cover&se=true&sh=323_430&x-expires=1983880800&x-signature=aTGU%2FnPk6Aso%2BryqdCH4hgGE3EA%3D,https://www.douyin.com/video/7003713530952207628,7.7w,
https://p6-pc-sign.douyinpic.com/tos-cn-p-0015/f299988cd3634a0ea6f6918f268f69e6_1630247228~tplv-dy-cropcenter:323:430.jpeg?biz_tag=pcweb_cover&from=3213915784&s=PackSourceEnum_PUBLISH&sc=cover&se=true&sh=323_430&x-expires=1983880800&x-signature=e23dILz4VgkP%2BrBNQcw4kAorZuk%3D,https://www.douyin.com/video/7001858497495321859,5.9w,打排位遇到个男生 他杀人书八层 呵 真会暗示 他八层有点喜欢我吧 
https://p9-pc-sign.douyinpic.com/tos-cn-p-0015/1ea6c27095274774b75e61bb6e227315_1630159316~tplv-dy-cropcenter:323:430.jpeg?biz_tag=pcweb_cover&from=3213915784&s=PackSourceEnum_PUBLISH&sc=cover&se=true&sh=323_430&x-expires=1983880800&x-signature=pxVM91ZwNPPyFsOOpIogb5%2FZAI8%3D,https://www.douyin.com/video/7001480866614480166,5.2w,？谁说无紫不行
https://p9-pc-sign.douyinpic.com/tos-cn-p-0015/c514128c8a1b4adeadc32dbeae80a4e7_1629736579~tplv-dy-cropcenter:323:430.jpeg?biz_tag=pcweb_cover&from=3213915784&s=PackSourceEnum_PUBLISH&sc=cover&se=true&sh=323_430&x-expires=1983880800&x-signature=pPsco1OMjkXz0S9Fl2lf6DzbY9s%3D,https://www.douyin.com/video/6999665283371666696,6.8w,卢本伟说过，很难让一个喜欢过你的人再次喜欢你。
https://p6-pc-sign.douyinpic.com/tos-cn-p-0015/3e1de06c70844563893c322cee3939c0~tplv-dy-cropcenter:323:430.jpeg?biz_tag=pcweb_cover&from=3213915784&s=PackSourceEnum_PUBLISH&sc=cover&se=true&sh=323_430&x-expires=1983880800&x-signature=UTG0os1CAM6AaR3vX%2BgJT4VUF94%3D,https://www.douyin.com/video/6997765631470849287,4.3w,峡谷第一深情 
https://p3-pc-sign.douyinpic.com/tos-cn-p-0015/32c20a44abfe447c89f372c16be00178~tplv-dy-cropcenter:323:430.jpeg?biz_tag=pcweb_cover&from=3213915784&s=PackSourceEnum_PUBLISH&sc=cover&se=true&sh=323_430&x-expires=1983880800&x-signature=ymgmMPJwMx58YYbmhdK5XnAH97Q%3D,https://www.douyin.com/video/6996652336433220868,7.1w,有我这样的莎弥拉 你几点上线？
https://p6-pc-sign.douyinpic.com/tos-cn-p-0015/527e2ca47fba4683aa3bd5adfce0ee36_1628516245~tplv-dy-cropcenter:323:430.jpeg?biz_tag=pcweb_cover&from=3213915784&s=PackSourceEnum_PUBLISH&sc=cover&se=true&sh=323_430&x-expires=1983880800&x-signature=hIIWHoOoteOc6Pa0GEvpmhI%2Fl%2BU%3D,https://www.douyin.com/video/6994423903653317920,10.2w,糟糕被我自己装到了 #李太白变装 
https://p6-pc-sign.douyinpic.com/tos-cn-p-0015/90d1137a59f84c028e45dc44c8f1ff3a_1628266479~tplv-dy-cropcenter:323:430.jpeg?biz_tag=pcweb_cover&from=3213915784&s=PackSourceEnum_PUBLISH&sc=cover&se=true&sh=323_430&x-expires=1983880800&x-signature=7eYSBJYPKD0DxAw0cxPaz6Hyjd4%3D,https://www.douyin.com/video/6993351250242817318,6.4w,有一次我在打游戏 这网一会掉 一会不掉 我就一直念着 网不掉啊网不掉
https://p3-pc-sign.douyinpic.com/tos-cn-p-0015/0b11521f57384d9fa68ad203219d8dad_1628261363~tplv-dy-cropcenter:323:430.jpeg?biz_tag=pcweb_cover&from=3213915784&s=PackSourceEnum_PUBLISH&sc=cover&se=true&sh=323_430&x-expires=1983880800&x-signature=16MzUkVtQRnyrxPhSLFqN1oyA7M%3D,https://www.douyin.com/video/6993329286962875651,26.2w,这就是厄斐琉斯纯狱天花板？
https://p3-pc-sign.douyinpic.com/tos-cn-p-0015/156f15964d2147659aacb05ddd9be443_1627829414~tplv-dy-cropcenter:323:430.jpeg?biz_tag=pcweb_cover&from=3213915784&s=PackSourceEnum_PUBLISH&sc=cover&se=true&sh=323_430&x-expires=1983880800&x-signature=JA0o3WZFMshThUsDlZFZozXhl80%3D,https://www.douyin.com/video/6991474069858307361,4.0w,没关系的 大家都会做错选择 会莫名其妙掉眼泪 走在路上会突然崩溃 但这并不影响我打开英雄联盟  谁来 
https://p6-pc-sign.douyinpic.com/tos-cn-p-0015/6928982220c94162bfca03651878e29c_1627392692~tplv-dy-cropcenter:323:430.jpeg?biz_tag=pcweb_cover&from=3213915784&s=PackSourceEnum_PUBLISH&sc=cover&se=true&sh=323_430&x-expires=1983880800&x-signature=2vB7U5VZOpZfWxi4f2wQALlynmc%3D,https://www.douyin.com/video/6989598341638212868,21.2w,劳资维克托把把C 懂不懂啊？
https://p9-pc-sign.douyinpic.com/tos-cn-p-0015/0a9ab90840754a26a3da3455a88c9d64_1627224025~tplv-dy-cropcenter:323:430.jpeg?biz_tag=pcweb_cover&from=3213915784&s=PackSourceEnum_PUBLISH&sc=cover&se=true&sh=323_430&x-expires=1983880800&x-signature=cnt42OH5Wdw2fg0jn82GTSPh9%2Fc%3D,https://www.douyin.com/video/6988873954509229350,9.8w,不是吧不是吧 难道塔杀也算杀
https://p9-pc-sign.douyinpic.com/tos-cn-p-0015/68f29d02dfd84aa2a0fb6e3aa2ea1f6b_1626107556~tplv-dy-cropcenter:323:430.jpeg?biz_tag=pcweb_cover&from=3213915784&s=PackSourceEnum_PUBLISH&sc=cover&se=true&sh=323_430&x-expires=1983880800&x-signature=dpp6PvMmUaEEmYs0uhR%2FKNFCeb0%3D,https://www.douyin.com/video/6984078753311755531,3.2w,你们要看lpl的导播 不要在隔壁游戏下一直艾特我啦！
https://p9-pc-sign.douyinpic.com/tos-cn-p-0015/2ae8152a3db741f4817d7247dca9e297_1625926415~tplv-dy-cropcenter:323:430.jpeg?biz_tag=pcweb_cover&from=3213915784&s=PackSourceEnum_PUBLISH&sc=cover&se=true&sh=323_430&x-expires=1983880800&x-signature=3gKIFUNYJVUXNorNiS3wKr4te5Y%3D,https://www.douyin.com/video/6983300762315001120,9.0w,打游戏被你骂哭的中路现实中长这样
https://p3-pc-sign.douyinpic.com/tos-cn-p-0015/a5e3d2d0546e4d349266f5d936969e27~tplv-dy-cropcenter:323:430.jpeg?biz_tag=pcweb_cover&from=3213915784&s=PackSourceEnum_PUBLISH&sc=cover&se=true&sh=323_430&x-expires=1983880800&x-signature=jLHNdUOIVdiLRrKf5Z4hwNwxIMw%3D,https://www.douyin.com/video/6982923071527128359,12.4w,坏男人吃我一拳  #区别对待 
https://p6-pc-sign.douyinpic.com/tos-cn-p-0015/cb2638f4b8a648ad9ca1edd7875b3dc8~tplv-dy-cropcenter:323:430.jpeg?biz_tag=pcweb_cover&from=3213915784&s=PackSourceEnum_PUBLISH&sc=cover&se=true&sh=323_430&x-expires=1983880800&x-signature=8TusiN1PQWMSzg0ntBTC5%2BfEzQM%3D,https://www.douyin.com/video/6981277424948366596,3.2w,#跟lol表情学拍照 #玩英雄联盟的女生长什么样 
https://p3-pc-sign.douyinpic.com/tos-cn-p-0015/f23950dccb3b429b9e40b2adf4e41295~tplv-dy-cropcenter:323:430.jpeg?biz_tag=pcweb_cover&from=3213915784&s=PackSourceEnum_PUBLISH&sc=cover&se=true&sh=323_430&x-expires=1983880800&x-signature=X%2BCDKAXH3%2F2BL9NEc1hlXGTLg3o%3D,https://www.douyin.com/video/6979226326615985441,4.3w,我是练习八年的英雄联盟个人练习生 擅长阴阳怪气 偷偷点否和吃兄弟炮车
https://p6-pc-sign.douyinpic.com/tos-cn-p-0015/aae2cef60f6f49ad9b0295fab4fc793b~tplv-dy-cropcenter:323:430.jpeg?biz_tag=pcweb_cover&from=3213915784&s=PackSourceEnum_PUBLISH&sc=cover&se=true&sh=323_430&x-expires=1983880800&x-signature=j9VytmgA5Je5756wmqgFzMCj%2B3g%3D,https://www.douyin.com/video/6977352735574232358,3.2w,我已经用我最嗲的声音了 你为什么还在问这个说话的男人是谁
https://p9-pc-sign.douyinpic.com/tos-cn-p-0015/686962b0b1384ba7804e7b4118ec097a_1624022325~tplv-dy-cropcenter:323:430.jpeg?biz_tag=pcweb_cover&from=3213915784&s=PackSourceEnum_PUBLISH&sc=cover&se=true&sh=323_430&x-expires=1983880800&x-signature=cz4uFojY1%2F%2FQjp1NuKphMJTrbhg%3D,https://www.douyin.com/video/6975122713601903876,4.7w,lol你们出bug了吗 太奇怪了 只要我在哪边 哪边的水晶就爆炸 
https://p3-pc-sign.douyinpic.com/tos-cn-p-0015/5a3502ad37a447aa87e5bd6990d6bd03~tplv-dy-cropcenter:323:430.jpeg?biz_tag=pcweb_cover&from=3213915784&s=PackSourceEnum_PUBLISH&sc=cover&se=true&sh=323_430&x-expires=1983880800&x-signature=IWSNJWp4Sob6eeUw4XSflf9NcmU%3D,https://www.douyin.com/video/6973277652966706470,6.5w,装深情还是你6 周杰伦听了你的故事当场写出三首新单曲
https://p3-pc-sign.douyinpic.com/tos-cn-p-0015/da6a12f8124e4f8eb0271921ca360cfb~tplv-dy-cropcenter:323:430.jpeg?biz_tag=pcweb_cover&from=3213915784&s=PackSourceEnum_PUBLISH&sc=cover&se=true&sh=323_430&x-expires=1983880800&x-signature=KJy3Qe9EhFvBLtxhkX79gaGiMVY%3D,https://www.douyin.com/video/6972497928258702624,7.1w,6月10清晨认识一个男孩他和我聊游戏、从全华班聊到uzi、聊他的童年趣事 6月10日晚上他和我要凉快照片
https://p9-pc-sign.douyinpic.com/tos-cn-p-0015/bee5c59ef5644cf9aafea0b62e8ce620_1622640689~tplv-dy-cropcenter:323:430.jpeg?biz_tag=pcweb_cover&from=3213915784&s=PackSourceEnum_PUBLISH&sc=cover&se=true&sh=323_430&x-expires=1983880800&x-signature=wLDkssvrEHi0Vj7%2B6FlCKnPFFAA%3D,https://www.douyin.com/video/6969188656359804193,26.0w,学会了 我是风女女帝  #高街女帝都这么拍照的吗
https://p6-pc-sign.douyinpic.com/tos-cn-p-0015/e1b565df72f34fb8aac55dcc6a5943dc~tplv-dy-cropcenter:323:430.jpeg?biz_tag=pcweb_cover&from=3213915784&s=PackSourceEnum_PUBLISH&sc=cover&se=true&sh=323_430&x-expires=1983880800&x-signature=KmHTsiHCUWJ5jYpek9sHgIpzwHM%3D,https://www.douyin.com/video/6966835982163283238,14.2w,我们生在红旗下，长在春风里，人民有信仰，国家有力量，目光所致皆为华夏，五星闪耀皆为信仰
https://p3-pc-sign.douyinpic.com/tos-cn-p-0015/d56994d2cea342df9d986e9b6f97b32b~tplv-dy-cropcenter:323:430.jpeg?biz_tag=pcweb_cover&from=3213915784&s=PackSourceEnum_PUBLISH&sc=cover&se=true&sh=323_430&x-expires=1983880800&x-signature=YF2vlDkQ0Hzi6pUJdmH8RG%2BfF48%3D,https://www.douyin.com/video/6965540429873810721,4.4w,msi绿色的雨 拿捏
https://p9-pc-sign.douyinpic.com/tos-cn-p-0015/e61196b9549249bbaefde907996b494f~tplv-dy-cropcenter:323:430.jpeg?biz_tag=pcweb_cover&from=3213915784&s=PackSourceEnum_PUBLISH&sc=cover&se=true&sh=323_430&x-expires=1983880800&x-signature=FaqitMA0584Z78CmThYJTXrONP8%3D,https://www.douyin.com/video/6964033488198618379,11.5w,那我走？
https://p9-pc-sign.douyinpic.com/tos-cn-p-0015/5918fcd5f41e4d9f8cf421b8518ec801~tplv-dy-cropcenter:323:430.jpeg?biz_tag=pcweb_cover&from=3213915784&s=PackSourceEnum_PUBLISH&sc=cover&se=true&sh=323_430&x-expires=1983880800&x-signature=rki0l2Vm3dQ%2BS2oX%2BywkRCXXEmE%3D,https://www.douyin.com/video/6963627462307695911,5.2w,是这样吗 我亲爱的卢锡安玩家
https://p6-pc-sign.douyinpic.com/tos-cn-p-0015/c7c2436b5f2f46418451fd0070e362c8_1621086123~tplv-dy-cropcenter:323:430.jpeg?biz_tag=pcweb_cover&from=3213915784&s=PackSourceEnum_PUBLISH&sc=cover&se=true&sh=323_430&x-expires=1983880800&x-signature=qfsKmw4OkPnJUC817xIU5clqF78%3D,https://www.douyin.com/video/6962511853222153510,11.3w,《bo1又看不出什么》《只会偷家》 《msi没有含金量》
https://p3-pc-sign.douyinpic.com/tos-cn-p-0015/15ca303c5db345f79a6670dfc9cc18bd_1620656067~tplv-dy-cropcenter:323:430.jpeg?biz_tag=pcweb_cover&from=3213915784&s=PackSourceEnum_PUBLISH&sc=cover&se=true&sh=323_430&x-expires=1983880800&x-signature=zrvhGqHRBU3jwvmsnis2VbpgiZU%3D,https://www.douyin.com/video/6960664768864718119,22.3w,能不能不要一输游戏就叫我找个厂上班啊 就算我找厂上班了 总要下班的吧 下班我还是要打游戏的
https://p3-pc-sign.douyinpic.com/tos-cn-p-0015/001a4b79acc34dd4a9d4c88d53710651_1620486270~tplv-dy-cropcenter:323:430.jpeg?biz_tag=pcweb_cover&from=3213915784&s=PackSourceEnum_PUBLISH&sc=cover&se=true&sh=323_430&x-expires=1983880800&x-signature=Gk6Lx5opcviO2ZdvVwS34bznHkU%3D,https://www.douyin.com/video/6959935481157143819,4.5w,打1局游戏相当于连麦30分钟说200句话 日复一日怎么会没有感情呢 但没想到15分钟一把 你能骂我200句
https://p6-pc-sign.douyinpic.com/tos-cn-p-0015/fafb2c67d3cd4be8b558240c01816825_1620135911~tplv-dy-cropcenter:323:430.jpeg?biz_tag=pcweb_cover&from=3213915784&s=PackSourceEnum_PUBLISH&sc=cover&se=true&sh=323_430&x-expires=1983880800&x-signature=JqL36Pr9eOEv9tkHej%2FyluwpdBE%3D,https://www.douyin.com/video/6958430718787702027,6.7w,如果你180左右  脾气好 会修电脑  还会玩卢锡安和薇恩 那我无话可说
https://p9-pc-sign.douyinpic.com/tos-cn-p-0015/1091a13c007e4a3b8aefa12422ad778b_1619962822~tplv-dy-cropcenter:323:430.jpeg?biz_tag=pcweb_cover&from=3213915784&s=PackSourceEnum_PUBLISH&sc=cover&se=true&sh=323_430&x-expires=1983880800&x-signature=SrimeT%2FZ4lEzL%2BPYkQtaOyzXUPc%3D,https://www.douyin.com/video/6957687310498401547,5.4w,什么是气质女孩？话少 胸小 表情吊
https://p9-pc-sign.douyinpic.com/tos-cn-p-0015/cf37ea639bc14e2f81b7a799113c2343~tplv-dy-cropcenter:323:430.jpeg?biz_tag=pcweb_cover&from=3213915784&s=PackSourceEnum_PUBLISH&sc=cover&se=true&sh=323_430&x-expires=1983880800&x-signature=PDFceOTdTvn38%2BVEz%2Bqq0N%2Fhaog%3D,https://www.douyin.com/video/6956969970706173187,6.8w,我直接梦幻联动
https://p6-pc-sign.douyinpic.com/tos-cn-p-0015/d36cda0c0e094a56b30b79b5205dabd6~tplv-dy-cropcenter:323:430.jpeg?biz_tag=pcweb_cover&from=3213915784&s=PackSourceEnum_PUBLISH&sc=cover&se=true&sh=323_430&x-expires=1983880800&x-signature=BZm6vjpCnkBfk8svqskf3aJuedg%3D,https://www.douyin.com/video/6956588358357241127,8.9w,五一来长沙订不到房的，可以睡我家只要499一晚，含双早。我出去通宵上网，回来给你们带早饭。
https://p3-pc-sign.douyinpic.com/tos-cn-p-0015/d2d72ed9ad76466288e83e5812f67509_1619273001~tplv-dy-cropcenter:323:430.jpeg?biz_tag=pcweb_cover&from=3213915784&s=PackSourceEnum_PUBLISH&sc=cover&se=true&sh=323_430&x-expires=1983880800&x-signature=VJ8SDy0ZjFIAVbtG9JPuIM21cl8%3D,https://www.douyin.com/video/6954724550227578123,15.3w,说谎的人 要吞一千根针喔
https://p6-pc-sign.douyinpic.com/tos-cn-p-0015/036958058d99442a97f632340abf0e74_1619188182~tplv-dy-cropcenter:323:430.jpeg?biz_tag=pcweb_cover&from=3213915784&s=PackSourceEnum_PUBLISH&sc=cover&se=true&sh=323_430&x-expires=1983880800&x-signature=gXDpbDiuvOeaAE7vri3uvQEZcQ0%3D,https://www.douyin.com/video/6954360256914787596,9.2w,我是选择题 是PlanB 是福星十连败后的出局 是没有辅助跟的adc 是闪现大定空气的蛇女
https://p6-pc-sign.douyinpic.com/tos-cn-p-0015/7f1a6df117ff482d9fc5b38c82644599_1619100993~tplv-dy-cropcenter:323:430.jpeg?biz_tag=pcweb_cover&from=3213915784&s=PackSourceEnum_PUBLISH&sc=cover&se=true&sh=323_430&x-expires=1983880800&x-signature=AhH9%2BEisfS7JrF8%2FgdrPPNy%2BwzM%3D,https://www.douyin.com/video/6953985769086192907,4.2w,“大部分人出生都带了天赋 但她却点了天选”
https://p3-pc-sign.douyinpic.com/tos-cn-p-0015/cf81a9debbc0486387699b513401c20a~tplv-dy-cropcenter:323:430.jpeg?biz_tag=pcweb_cover&from=3213915784&s=PackSourceEnum_PUBLISH&sc=cover&se=true&sh=323_430&x-expires=1983880800&x-signature=RkPOqVtxaJSGEeF3K8AclBDq%2Bdw%3D,https://www.douyin.com/video/6952481274250431782,7.7w,很喜欢销户的一句话
https://p3-pc-sign.douyinpic.com/tos-cn-p-0015/54b2b1951e8b4a6683b8415613389c5c~tplv-dy-cropcenter:323:430.jpeg?biz_tag=pcweb_cover&from=3213915784&s=PackSourceEnum_PUBLISH&sc=cover&se=true&sh=323_430&x-expires=1983880800&x-signature=CskhGecCyXPOIqk%2FY0byn8YMQV4%3D,https://www.douyin.com/video/6947333163114859814,5.3w,生日快乐 我喜欢的男孩一定要幸福鸭
https://p9-pc-sign.douyinpic.com/tos-cn-p-0015/51d02003da0849978dd7cab3f1642177_1617373827~tplv-dy-cropcenter:323:430.jpeg?biz_tag=pcweb_cover&from=3213915784&s=PackSourceEnum_PUBLISH&sc=cover&se=true&sh=323_430&x-expires=1983880800&x-signature=8HAat1qQ7ZsdTLGbuskBhseDtiM%3D,https://www.douyin.com/video/6946567653481843980,8.9w,别人都是看阵容选英雄 你秒选猫 你只跟他 你要浪漫 你不要妈
https://p6-pc-sign.douyinpic.com/tos-cn-p-0015/21bee7dca84046bfb51c2ac3fc394f8a_1616853751~tplv-dy-cropcenter:323:430.jpeg?biz_tag=pcweb_cover&from=3213915784&s=PackSourceEnum_PUBLISH&sc=cover&se=true&sh=323_430&x-expires=1983880800&x-signature=G9sgDNJVrzR0BmCtf1UWjoExYj8%3D,https://www.douyin.com/video/6944333949946645798,8.4w,卢锡安又在打游戏  那我再发两张照片大家看看
https://p9-pc-sign.douyinpic.com/tos-cn-p-0015/8d6dc5acef474b63874deb06bd79a3f0~tplv-dy-cropcenter:323:430.jpeg?biz_tag=pcweb_cover&from=3213915784&s=PackSourceEnum_PUBLISH&sc=cover&se=true&sh=323_430&x-expires=1983880800&x-signature=Htw9Wse7x0d2hzRm43BrPS2lAgA%3D,https://www.douyin.com/video/6943971605139819808,9.3w,兄弟萌 我这波乌鸡哥喜欢吗
https://p6-pc-sign.douyinpic.com/tos-cn-p-0015/d2ba3dc905e54561b594a573e27782b3_1616501317~tplv-dy-cropcenter:323:430.jpeg?biz_tag=pcweb_cover&from=3213915784&s=PackSourceEnum_PUBLISH&sc=cover&se=true&sh=323_430&x-expires=1983880800&x-signature=ogzglwAbXCsjzLcy%2FlkTzNtlPXI%3D,https://www.douyin.com/video/6942819890009001255,13.5w,好像什么都没变 又好像什么都变了
https://p3-pc-sign.douyinpic.com/tos-cn-p-0015/0a13f923819f4b649362213ce6db67eb~tplv-dy-cropcenter:323:430.jpeg?biz_tag=pcweb_cover&from=3213915784&s=PackSourceEnum_PUBLISH&sc=cover&se=true&sh=323_430&x-expires=1983880800&x-signature=5B33FEHuEe4Lv8c1brG2VPxLrik%3D,https://www.douyin.com/video/6942103848576126219,14.9w,英雄联盟里最廉价的是什么 排眼留下的僵尸守卫 婕拉的花 俄洛伊的触手 马尔扎哈得虫子 还是我的爱
https://p9-pc-sign.douyinpic.com/tos-cn-p-0015/b9e913c92fd444eea2908dbb246aa41e_1616132831~tplv-dy-cropcenter:323:430.jpeg?biz_tag=pcweb_cover&from=3213915784&s=PackSourceEnum_PUBLISH&sc=cover&se=true&sh=323_430&x-expires=1983880800&x-signature=fBULHOrXMLIuLq4C5R%2FyZLAeoT0%3D,https://www.douyin.com/video/6941237613072272678,3.5w,老公给我合体！ #卢锡安
https://p6-pc-sign.douyinpic.com/tos-cn-p-0015/785102d7b8614e50996af7a96006f4e0_1615902907~tplv-dy-cropcenter:323:430.jpeg?biz_tag=pcweb_cover&from=3213915784&s=PackSourceEnum_PUBLISH&sc=cover&se=true&sh=323_430&x-expires=1983880800&x-signature=f7QVtSg5M0isUPG2GolZo6dq2RI%3D,https://www.douyin.com/video/6940250095082294531,8.8w,为了练好薇恩 我现在走路都打滚
https://p9-pc-sign.douyinpic.com/tos-cn-p-0015/5eecc500fc0840359c6ff3fe578ac06f~tplv-dy-cropcenter:323:430.jpeg?biz_tag=pcweb_cover&from=3213915784&s=PackSourceEnum_PUBLISH&sc=cover&se=true&sh=323_430&x-expires=1983880800&x-signature=5U14A3XRo2%2FxPocRkCNWmd91mGA%3D,https://www.douyin.com/video/6938805730845723915,7.4w,如果你厌倦了外面勾心斗角的生活 那就来我身边 我给你炖土豆吃
https://p6-pc-sign.douyinpic.com/tos-cn-p-0015/7a61b622d68b4b5dbe02f8e78c0f8592~tplv-dy-cropcenter:323:430.jpeg?biz_tag=pcweb_cover&from=3213915784&s=PackSourceEnum_PUBLISH&sc=cover&se=true&sh=323_430&x-expires=1983880800&x-signature=n3KXvPcofbjSpHtqla16OmdRyRw%3D,https://www.douyin.com/video/6933194161566862606,12.5w,
https://p6-pc-sign.douyinpic.com/tos-cn-p-0015/de3440a90f374f16b1991354e8ee6c02_1614001915~tplv-dy-cropcenter:323:430.jpeg?biz_tag=pcweb_cover&from=3213915784&s=PackSourceEnum_PUBLISH&sc=cover&se=true&sh=323_430&x-expires=1983880800&x-signature=mSvYGQp%2B2Zp%2FvMzUQCHXYSpdqxw%3D,https://www.douyin.com/video/6932085367684222216,12.1w,你怎么胸小小的 说话屌屌的
https://p6-pc-sign.douyinpic.com/tos-cn-p-0015/34d22c610d6644a18bba95d724508077_1613743299~tplv-dy-cropcenter:323:430.jpeg?biz_tag=pcweb_cover&from=3213915784&s=PackSourceEnum_PUBLISH&sc=cover&se=true&sh=323_430&x-expires=1983880800&x-signature=H99XvoM7yIzyp9gveSvvmWocAOo%3D,https://www.douyin.com/video/6930974614772288781,18.8w,六年了 不是六天 也不是六个月 是春夏秋冬更替了的六年
https://p9-pc-sign.douyinpic.com/tos-cn-p-0015/5a960b8f8f6b4fdcbd00ab82ea898757~tplv-dy-cropcenter:323:430.jpeg?biz_tag=pcweb_cover&from=3213915784&s=PackSourceEnum_PUBLISH&sc=cover&se=true&sh=323_430&x-expires=1983880800&x-signature=M4%2BiOfKQM4HYFjV07N5VQ1OTuwQ%3D,https://www.douyin.com/video/6930602561988873479,1.2w,我肯定跟你走 没有船票我跟你游
https://p3-pc-sign.douyinpic.com/tos-cn-p-0015/d0e1f46e02c544cc8acade2e973adaf2_1612968730~tplv-dy-cropcenter:323:430.jpeg?biz_tag=pcweb_cover&from=3213915784&s=PackSourceEnum_PUBLISH&sc=cover&se=true&sh=323_430&x-expires=1983880800&x-signature=w6OGL9eA3fEDkkzUIceeYQmJiAo%3D,https://www.douyin.com/video/6927647878504664327,4.8w,你都这么大了 还跟父母住？？ 不像话跟我住
https://p6-pc-sign.douyinpic.com/tos-cn-p-0015/893a3c45dbc742c48940cac56f851633~tplv-dy-cropcenter:323:430.jpeg?biz_tag=pcweb_cover&from=3213915784&s=PackSourceEnum_PUBLISH&sc=cover&se=true&sh=323_430&x-expires=1983880800&x-signature=uy%2FVcbQdXWjub7SdHWD5D5ki3qQ%3D,https://www.douyin.com/video/6924951601136340231,1.7w,
https://p3-pc-sign.douyinpic.com/tos-cn-p-0015/1a37d6d0574646bc9cdad64f9826168f_1611583075~tplv-dy-cropcenter:323:430.jpeg?biz_tag=pcweb_cover&from=3213915784&s=PackSourceEnum_PUBLISH&sc=cover&se=true&sh=323_430&x-expires=1983880800&x-signature=yjzEsYuqtvDzCXvnLaGxxMZnsrQ%3D,https://www.douyin.com/video/6921696537953275144,4.2w,当所有人都在打游戏时 只有我在认真规划湖南省的未来
https://p3-pc-sign.douyinpic.com/tos-cn-p-0015/bff0a8794b014cdead7d37c86801a079~tplv-dy-cropcenter:323:430.jpeg?biz_tag=pcweb_cover&from=3213915784&s=PackSourceEnum_PUBLISH&sc=cover&se=true&sh=323_430&x-expires=1983880800&x-signature=3%2FMop6AwyeTtDBI9ciMPvK%2Bt1b4%3D,https://www.douyin.com/video/6920584640491261192,3.8w,小孩子不会天天哭 谈恋爱也不会次次输 只有我在召唤师峡谷边哭边输呜呜呜
https://p6-pc-sign.douyinpic.com/tos-cn-p-0015/b57da45da1634572b68d30c41469945c~tplv-dy-cropcenter:323:430.jpeg?biz_tag=pcweb_cover&from=3213915784&s=PackSourceEnum_PUBLISH&sc=cover&se=true&sh=323_430&x-expires=1983880800&x-signature=RMD2jpKOnapiUChco5du58%2BpQrw%3D,https://www.douyin.com/video/6918727500130438413,2.7w,不懂就问 今年是2017吗
https://p3-pc-sign.douyinpic.com/tos-cn-p-0015/5b79c4a24cd6481a890a101826153fa4_1610768727~tplv-dy-cropcenter:323:430.jpeg?biz_tag=pcweb_cover&from=3213915784&s=PackSourceEnum_PUBLISH&sc=cover&se=true&sh=323_430&x-expires=1983880800&x-signature=LwHa5b7HgGMbZtKX2%2Bkb%2BGSKL7w%3D,https://www.douyin.com/video/6918198917007936782,4.5w,御 萝 双 修
https://p9-pc-sign.douyinpic.com/tos-cn-p-0015/9bafe210c9954ae1b463c49c46b533fd_1610286893~tplv-dy-cropcenter:323:430.jpeg?biz_tag=pcweb_cover&from=3213915784&s=PackSourceEnum_PUBLISH&sc=cover&se=true&sh=323_430&x-expires=1983880800&x-signature=jDlVCLUduZdXRlj58VmPzhrZ01I%3D,https://www.douyin.com/video/6916129481849589005,4.2w,卢锡安永远滴神
https://p9-pc-sign.douyinpic.com/tos-cn-p-0015/8e36df6f647c48e2adad6744cc57bd4b~tplv-dy-cropcenter:323:430.jpeg?biz_tag=pcweb_cover&from=3213915784&s=PackSourceEnum_PUBLISH&sc=cover&se=true&sh=323_430&x-expires=1983880800&x-signature=GNtGuPpw9FyWRXgE3u0yjhg87y8%3D,https://www.douyin.com/video/6911679887849917703,10.8w,一万场艾克 十万次时空断裂 我一次都没有回到有你的过去
https://p3-pc-sign.douyinpic.com/tos-cn-p-0015/67c397b7103c45b2bce07b0fdd377aac_1607955126~tplv-dy-cropcenter:323:430.jpeg?biz_tag=pcweb_cover&from=3213915784&s=PackSourceEnum_PUBLISH&sc=cover&se=true&sh=323_430&x-expires=1983880800&x-signature=BLUwY0RFdp1FWyydr3Rbbg1zXaY%3D,https://www.douyin.com/video/6906114586160794893,2.3w,你喜欢什么制服 被我制服可以吗
https://p3-pc-sign.douyinpic.com/tos-cn-p-0015/465e79c1b32c48138e2361b79fd31c07~tplv-dy-cropcenter:323:430.jpeg?biz_tag=pcweb_cover&from=3213915784&s=PackSourceEnum_PUBLISH&sc=cover&se=true&sh=323_430&x-expires=1983880800&x-signature=j%2Fp8EZ5230KFt3kYhmIorQNWB2w%3D,https://www.douyin.com/video/6904257756920909063,4.6w,喜欢就去争取啊 我0-8一样抢中单
https://p3-pc-sign.douyinpic.com/tos-cn-p-0015/8db96a24fb334c29968c751ca0b9f107~tplv-dy-cropcenter:323:430.jpeg?biz_tag=pcweb_cover&from=3213915784&s=PackSourceEnum_PUBLISH&sc=cover&se=true&sh=323_430&x-expires=1983880800&x-signature=puH4LWxHTMf4fThYChgtgKwNCw8%3D,https://www.douyin.com/video/6893492022003485965,5.3w,我要永远年轻 永远骂人难听
https://p3-pc-sign.douyinpic.com/tos-cn-p-0015/72468595d24f41b1a0e986687e5c71b8~tplv-dy-cropcenter:323:430.jpeg?biz_tag=pcweb_cover&from=3213915784&s=PackSourceEnum_PUBLISH&sc=cover&se=true&sh=323_430&x-expires=1983880800&x-signature=8HNBXUFuw1XJa%2BXFpqcynMgNhr0%3D,https://www.douyin.com/video/6877933623299902720,7.5w,终于和全世界最帅的男人合影了
https://p3-pc-sign.douyinpic.com/tos-cn-p-0015/0759bd74c0e14c60883abdb81d55895a~tplv-dy-cropcenter:323:430.jpeg?biz_tag=pcweb_cover&from=3213915784&s=PackSourceEnum_PUBLISH&sc=cover&se=true&sh=323_430&x-expires=1983880800&x-signature=QknMiaA686%2FI83Gpa6T0NKk7MNA%3D,https://www.douyin.com/video/6874569114543787264,5.4w,在网吧偷偷应援一波GNR
https://p9-pc-sign.douyinpic.com/tos-cn-p-0015/3fdfa4e5259c4562aecc17d8c96e113c_1599833077~tplv-dy-cropcenter:323:430.jpeg?biz_tag=pcweb_cover&from=3213915784&s=PackSourceEnum_PUBLISH&sc=cover&se=true&sh=323_430&x-expires=1983880800&x-signature=VqGq1UPVXk39du7R1mOQX3hrakc%3D,https://www.douyin.com/video/6871230717653699853,44.5w,下次穿短裙去看你打球 你赢对手 我赢他女朋友
https://p3-pc-sign.douyinpic.com/tos-cn-p-0015/011a7b89145d4a04a48d2d53bba0c27b_1599659264~tplv-dy-cropcenter:323:430.jpeg?biz_tag=pcweb_cover&from=3213915784&s=PackSourceEnum_PUBLISH&sc=cover&se=true&sh=323_430&x-expires=1983880800&x-signature=%2B%2B%2Bv5glJbDHGusmqupzVZCi4ANM%3D,https://www.douyin.com/video/6870484194976337166,3.4w,新学会的 蹲在路边和我的憨憨朋友炫耀中
https://p9-pc-sign.douyinpic.com/tos-cn-p-0015/48166e7734be4658a30b981061287cfb~tplv-dy-cropcenter:323:430.jpeg?biz_tag=pcweb_cover&from=3213915784&s=PackSourceEnum_PUBLISH&sc=cover&se=true&sh=323_430&x-expires=1983880800&x-signature=mGUAYqTBbtKlPW%2BewZtnj5ZzQcc%3D,https://www.douyin.com/video/6870113442280312079,5.4w,豆奶你喝嘛
https://p3-pc-sign.douyinpic.com/tos-cn-p-0015/026a903e3c404ad6af28665c598295ec~tplv-dy-cropcenter:323:430.jpeg?biz_tag=pcweb_cover&from=3213915784&s=PackSourceEnum_PUBLISH&sc=cover&se=true&sh=323_430&x-expires=1983880800&x-signature=mjWE1KDgSBXCrcOlVY0CLv6qBZs%3D,https://www.douyin.com/video/6868264052280364303,7.0w,学生时代总会遇到一个惊艳你青春的人
https://p6-pc-sign.douyinpic.com/tos-cn-p-0015/8adf3d8cd6b843668d6e54797f882518~tplv-dy-cropcenter:323:430.jpeg?biz_tag=pcweb_cover&from=3213915784&s=PackSourceEnum_PUBLISH&sc=cover&se=true&sh=323_430&x-expires=1983880800&x-signature=GWzfI%2BdZgK0FpCzMYgDbjDazi1U%3D,https://www.douyin.com/video/6865297982716218637,4.7w,这周末想跟男朋友去看电影 请问有什么好的男朋友推荐一下的
https://p6-pc-sign.douyinpic.com/tos-cn-p-0015/7102349102564177a31025169f826f45_1596729261~tplv-dy-cropcenter:323:430.jpeg?biz_tag=pcweb_cover&from=3213915784&s=PackSourceEnum_PUBLISH&sc=cover&se=true&sh=323_430&x-expires=1983880800&x-signature=HbCOl1ZOGDFxLJzdNn1WkjlDtVs%3D,https://www.douyin.com/video/6857899910369414408,4.7w,人不能总活在过去
https://p3-pc-sign.douyinpic.com/tos-cn-p-0015/2f810ba260a04c0291ae04bc81777966_1595768973~tplv-dy-cropcenter:323:430.jpeg?biz_tag=pcweb_cover&from=3213915784&s=PackSourceEnum_PUBLISH&sc=cover&se=true&sh=323_430&x-expires=1983880800&x-signature=lv86SB2koPeHCm9O45NSCcen8uM%3D,https://www.douyin.com/video/6853775529607253255,13.5w,任何你喜欢做的事 都不叫浪费时间#uzi
https://p9-pc-sign.douyinpic.com/tos-cn-p-0015/dd8e6217e1824d6da3ef34e8e34a63ae_1592919261~tplv-dy-cropcenter:323:430.jpeg?biz_tag=pcweb_cover&from=3213915784&s=PackSourceEnum_PUBLISH&sc=cover&se=true&sh=323_430&x-expires=1983880800&x-signature=iRGqiwd4syntIBM10SsliGRsyTQ%3D,https://www.douyin.com/video/6841536103145639182,10.3w,你是喜欢性感尤物 可爱动物 还是我这个打游戏总输的小废物
https://p3-pc-sign.douyinpic.com/tos-cn-p-0015/10f0f018636c43fba0549f4c9774fe58~tplv-dy-cropcenter:323:430.jpeg?biz_tag=pcweb_cover&from=3213915784&s=PackSourceEnum_PUBLISH&sc=cover&se=true&sh=323_430&x-expires=1983880800&x-signature=KhkLVCKdPEzjVAB5giD5gardDmA%3D,https://www.douyin.com/video/6837843282123394318,2.8w,终于有机会拍这个bgm了
https://p3-pc-sign.douyinpic.com/tos-cn-p-0015/b9970400d664490798c12a325817ea62~tplv-dy-cropcenter:323:430.jpeg?biz_tag=pcweb_cover&from=3213915784&s=PackSourceEnum_PUBLISH&sc=cover&se=true&sh=323_430&x-expires=1983880800&x-signature=JBMBJCFt%2FFuh%2F6z1vlirgaMl1Lg%3D,https://www.douyin.com/video/6834059803166313742,3.9w,再见Uzi  你好简自豪
https://p9-pc-sign.douyinpic.com/tos-cn-p-0015/28c235530c37484696c1f176b74e6fe4~tplv-dy-cropcenter:323:430.jpeg?biz_tag=pcweb_cover&from=3213915784&s=PackSourceEnum_PUBLISH&sc=cover&se=true&sh=323_430&x-expires=1983880800&x-signature=18X%2BgGIC724FMAJSojIvG%2B4Ahd0%3D,https://www.douyin.com/video/6829516253116271885,3.3w,英雄联盟里有哪些英雄的台词适合表白
https://p3-pc-sign.douyinpic.com/tos-cn-p-0015/c51718750ca04cc383e68c39d0ccf112~tplv-dy-cropcenter:323:430.jpeg?biz_tag=pcweb_cover&from=3213915784&s=PackSourceEnum_PUBLISH&sc=cover&se=true&sh=323_430&x-expires=1983880800&x-signature=835HuQ7DDebbKQL47d9c3MT1J8s%3D,https://www.douyin.com/video/6822198910933699854,17.1w,我妈说我在看鬼打架
https://p9-pc-sign.douyinpic.com/tos-cn-p-0015/610fe6cf2af54fe2aab5b3a4d3cb1ca9~tplv-dy-cropcenter:323:430.jpeg?biz_tag=pcweb_cover&from=3213915784&s=PackSourceEnum_PUBLISH&sc=cover&se=true&sh=323_430&x-expires=1983880800&x-signature=gl4uHeUVAJnztjQAlfrQGpGiKqA%3D,https://www.douyin.com/video/6817731861754809613,6.1w,我 永远站在你这边  #uzi
https://p6-pc-sign.douyinpic.com/tos-cn-p-0015/07705043404e4b4580b8f22130cb428c~tplv-dy-cropcenter:323:430.jpeg?biz_tag=pcweb_cover&from=3213915784&s=PackSourceEnum_PUBLISH&sc=cover&se=true&sh=323_430&x-expires=1983880800&x-signature=j6Y6Z7%2FGJ1fIz8EJGv0dund4sWY%3D,https://www.douyin.com/video/6813289240131063054,2.7w,想要那种看一眼就感觉很厉害的游戏id
https://p3-pc-sign.douyinpic.com/tos-cn-p-0015/1c71f24a62ab47c395c477b291752010_1584784878~tplv-dy-cropcenter:323:430.jpeg?biz_tag=pcweb_cover&from=3213915784&s=PackSourceEnum_PUBLISH&sc=cover&se=true&sh=323_430&x-expires=1983880800&x-signature=ejCd5YAoeggSHkDqSwT0%2BH0ht6c%3D,https://www.douyin.com/video/6806599186973232397,8.6w,安排 #uzi
https://p3-pc-sign.douyinpic.com/tos-cn-p-0015/bad4249bf27f42098a3c775feaf6d033_1580133553~tplv-dy-cropcenter:323:430.jpeg?biz_tag=pcweb_cover&from=3213915784&s=PackSourceEnum_PUBLISH&sc=cover&se=true&sh=323_430&x-expires=1983880800&x-signature=NiI5BZQz93YQUTrn9ZXHs3Dzq5E%3D,https://www.douyin.com/video/6786621855622106376,17.1w,还以为你喜欢可爱的 害的我装得好辛苦
https://p6-pc-sign.douyinpic.com/tos-cn-p-0015/4e7075c6206a4ad3b0285e0ef497789a_1579699314~tplv-dy-cropcenter:323:430.jpeg?biz_tag=pcweb_cover&from=3213915784&s=PackSourceEnum_PUBLISH&sc=cover&se=true&sh=323_430&x-expires=1983880800&x-signature=NyRJTQDNQ%2FiNdmgCSDWbvnbXul8%3D,https://www.douyin.com/video/6784756819597315336,6.8w,我要带你去看天边的日落
https://p6-pc-sign.douyinpic.com/tos-cn-p-0015/12da255e5c14498fb3a46ab7f9dcf962_1579087312~tplv-dy-cropcenter:323:430.jpeg?biz_tag=pcweb_cover&from=3213915784&s=PackSourceEnum_PUBLISH&sc=cover&se=true&sh=323_430&x-expires=1983880800&x-signature=zyCagE3n3xoRsV%2Fb1XpYKUqhFbg%3D,https://www.douyin.com/video/6782128284659436813,19.2w,和你有关的东西我一律爱屋及乌
https://p9-pc-sign.douyinpic.com/tos-cn-p-0015/9c38fba5b5cb42a986d7ee54b29dc603~tplv-dy-cropcenter:323:430.jpeg?biz_tag=pcweb_cover&from=3213915784&s=PackSourceEnum_PUBLISH&sc=cover&se=true&sh=323_430&x-expires=1983880800&x-signature=FRgTXNG5UMR7unOugJi2QDZwz4E%3D,https://www.douyin.com/video/6772748178899897613,8.9w,为什么不回我信息 真恶心 就因为我没发吗
