搜索词,图片链接
狗头萝莉,"https://img2.baidu.com/it/u=58675709,2816070865&fm=253&fmt=auto&app=138&f=JPEG?w=500&h=553"
狗头萝莉,"https://img0.baidu.com/it/u=800649737,168857140&fm=253&fmt=auto&app=138&f=JPEG?w=667&h=500"
狗头萝莉,"https://img0.baidu.com/it/u=3986615206,1966543048&fm=253&fmt=auto&app=138&f=JPEG?w=492&h=652"
狗头萝莉,"https://img2.baidu.com/it/u=3043852808,4260821888&fm=253&fmt=auto&app=138&f=JPEG?w=668&h=375"
狗头萝莉,"https://img0.baidu.com/it/u=683875369,1498841247&fm=253&fmt=auto&app=138&f=JPEG?w=461&h=488"
狗头萝莉,"https://img0.baidu.com/it/u=404235644,3007399701&fm=253&fmt=auto&app=120&f=JPEG?w=500&h=755"
狗头萝莉,"https://img0.baidu.com/it/u=2048956569,1555786030&fm=253&fmt=auto&app=120&f=JPEG?w=640&h=287"
狗头萝莉,"https://img0.baidu.com/it/u=403198414,4034752219&fm=253&fmt=auto&app=138&f=JPEG?w=510&h=435"
狗头萝莉,"https://img0.baidu.com/it/u=283292711,591361868&fm=253&fmt=auto&app=138&f=JPEG?w=640&h=354"
狗头萝莉,"https://img0.baidu.com/it/u=2648544921,2363195173&fm=253&fmt=auto&app=120&f=JPEG?w=333&h=412"
狗头萝莉,"https://img2.baidu.com/it/u=3604839478,577688569&fm=253&fmt=auto&app=120&f=JPEG?w=500&h=750"
狗头萝莉,"https://img0.baidu.com/it/u=836529574,59239940&fm=253&fmt=auto&app=138&f=JPEG?w=349&h=526"
狗头萝莉,"https://img1.baidu.com/it/u=2798514619,1328900245&fm=253&fmt=auto&app=120&f=JPEG?w=670&h=500"
狗头萝莉,"https://img0.baidu.com/it/u=3846861946,1833609645&fm=253&fmt=auto&app=138&f=JPEG?w=515&h=419"
狗头萝莉,"https://img0.baidu.com/it/u=1182060199,3621608967&fm=253&fmt=auto&app=138&f=JPEG?w=500&h=523"
狗头萝莉,"https://img2.baidu.com/it/u=2201412641,104612313&fm=253&fmt=auto&app=120&f=JPEG?w=866&h=500"
狗头萝莉,"https://img2.baidu.com/it/u=428664657,1610831727&fm=253&fmt=auto&app=138&f=JPEG?w=500&h=568"
狗头萝莉,"https://img2.baidu.com/it/u=1592555648,2965640727&fm=253&fmt=auto&app=120&f=JPEG?w=640&h=417"
狗头萝莉,"https://img0.baidu.com/it/u=2790778916,322545402&fm=253&fmt=auto&app=120&f=JPEG?w=640&h=360"
狗头萝莉,"https://img2.baidu.com/it/u=3524811039,2394850763&fm=253&fmt=auto&app=138&f=JPEG?w=889&h=500"
狗头萝莉,"https://img1.baidu.com/it/u=3227437922,1259504208&fm=253&fmt=auto&app=120&f=JPEG?w=602&h=500"
狗头萝莉,"https://img1.baidu.com/it/u=2718052848,3263978345&fm=253&fmt=auto&app=138&f=JPEG?w=602&h=500"
狗头萝莉,"https://img2.baidu.com/it/u=2765165173,2834858396&fm=253&fmt=auto&app=120&f=JPEG?w=738&h=500"
狗头萝莉,"https://img0.baidu.com/it/u=3753067280,2963610703&fm=253&fmt=auto&app=120&f=JPEG?w=500&h=500"
狗头萝莉,"https://img2.baidu.com/it/u=1988824445,1692410992&fm=253&fmt=auto&app=138&f=JPEG?w=500&h=643"
狗头萝莉,"https://img2.baidu.com/it/u=1590980783,747148449&fm=253&fmt=auto&app=138&f=JPEG?w=560&h=500"
狗头萝莉,"https://img1.baidu.com/it/u=4039575262,1526863005&fm=253&fmt=auto&app=138&f=JPEG?w=640&h=480"
狗头萝莉,"https://img0.baidu.com/it/u=308227744,3178648692&fm=253&fmt=auto&app=120&f=PNG?w=500&h=719"
狗头萝莉,"https://img0.baidu.com/it/u=1554101878,2709243458&fm=253&fmt=auto&app=120&f=JPEG?w=640&h=296"
狗头萝莉,"https://img2.baidu.com/it/u=664521652,4049403033&fm=253&fmt=auto&app=138&f=JPEG?w=599&h=438"
狗头萝莉,"https://img0.baidu.com/it/u=688438650,133099571&fm=253&fmt=auto&app=138&f=JPEG?w=668&h=375"
狗头萝莉,"https://img0.baidu.com/it/u=1557700336,1391192782&fm=253&fmt=auto&app=120&f=JPEG?w=637&h=500"
狗头萝莉,"https://img0.baidu.com/it/u=278901163,3592776206&fm=253&fmt=auto&app=120&f=JPEG?w=500&h=635"
狗头萝莉,"https://img2.baidu.com/it/u=2719226342,2010992053&fm=253&fmt=auto&app=138&f=JPEG?w=668&h=375"
狗头萝莉,"https://img0.baidu.com/it/u=3231460727,2944707926&fm=253&fmt=auto&app=120&f=JPEG?w=622&h=500"
狗头萝莉,"https://img2.baidu.com/it/u=340737848,3999976208&fm=253&fmt=auto&app=120&f=JPEG?w=1100&h=350"
狗头萝莉,"https://img2.baidu.com/it/u=231951248,669456813&fm=253&fmt=auto&app=120&f=JPEG?w=500&h=888"
狗头萝莉,"https://img1.baidu.com/it/u=1170964046,3607915185&fm=253&fmt=auto&app=120&f=JPEG?w=585&h=500"
狗头萝莉,"https://img2.baidu.com/it/u=3249509206,3206645582&fm=253&fmt=auto&app=120&f=JPEG?w=640&h=322"
狗头萝莉,"https://img0.baidu.com/it/u=2780821138,3751917488&fm=253&fmt=auto&app=120&f=JPEG?w=640&h=421"
狗头萝莉,"https://img2.baidu.com/it/u=2649933628,1623837994&fm=253&fmt=auto&app=120&f=JPEG?w=640&h=364"
狗头萝莉,"https://img0.baidu.com/it/u=1917385696,3761490308&fm=253&fmt=auto&app=138&f=JPEG?w=458&h=571"
狗头萝莉,"https://img0.baidu.com/it/u=3937797453,2404089062&fm=253&fmt=auto&app=138&f=JPEG?w=668&h=375"
狗头萝莉,"https://img0.baidu.com/it/u=2094158053,977493852&fm=253&fmt=auto&app=120&f=JPEG?w=640&h=426"
狗头萝莉,"https://img1.baidu.com/it/u=101948891,943620945&fm=253&fmt=auto&app=138&f=JPEG?w=640&h=367"
狗头萝莉,"https://img1.baidu.com/it/u=382227559,436456840&fm=253&fmt=auto&app=138&f=JPEG?w=550&h=411"
狗头萝莉,"https://img2.baidu.com/it/u=1194353786,416258591&fm=253&fmt=auto&app=120&f=JPEG?w=500&h=561"
狗头萝莉,"https://img2.baidu.com/it/u=1387958749,3680147519&fm=253&fmt=auto&app=120&f=JPEG?w=500&h=633"
狗头萝莉,"https://img1.baidu.com/it/u=517812879,902349561&fm=253&fmt=auto&app=138&f=JPEG?w=576&h=500"
狗头萝莉,"https://img1.baidu.com/it/u=1142139784,1010771423&fm=253&fmt=auto&app=138&f=JPEG?w=731&h=500"
狗头萝莉,"https://img1.baidu.com/it/u=2852442258,3195320420&fm=253&fmt=auto&app=120&f=JPEG?w=561&h=500"
狗头萝莉,"https://img1.baidu.com/it/u=68333797,2763881351&fm=253&fmt=auto&app=120&f=JPEG?w=500&h=559"
狗头萝莉,"https://img0.baidu.com/it/u=1536355841,1498793440&fm=253&fmt=auto&app=120&f=JPEG?w=620&h=500"
狗头萝莉,"https://img2.baidu.com/it/u=1484533910,655431073&fm=253&fmt=auto&app=120&f=JPEG?w=597&h=410"
狗头萝莉,"https://img1.baidu.com/it/u=3497443536,525631399&fm=253&fmt=auto&app=138&f=JPEG?w=582&h=500"
狗头萝莉,"https://img0.baidu.com/it/u=2055068596,1224208133&fm=253&fmt=auto&app=120&f=JPEG?w=500&h=518"
狗头萝莉,"https://img1.baidu.com/it/u=1575569979,2990330596&fm=253&fmt=auto&app=138&f=JPEG?w=668&h=375"
狗头萝莉,"https://img0.baidu.com/it/u=2382433668,1645078128&fm=253&fmt=auto&app=138&f=JPEG?w=567&h=500"
狗头萝莉,"https://img1.baidu.com/it/u=1136933890,893090735&fm=253&fmt=auto&app=138&f=JPEG?w=488&h=521"
狗头萝莉,"https://img2.baidu.com/it/u=4200626382,746818707&fm=253&fmt=auto&app=138&f=JPEG?w=578&h=500"
狗头萝莉,"https://img1.baidu.com/it/u=2012510460,3982078403&fm=253&fmt=auto&app=138&f=JPEG?w=500&h=678"
狗头萝莉,"https://img0.baidu.com/it/u=3715776077,4254541739&fm=253&fmt=auto&app=120&f=JPEG?w=422&h=636"
狗头萝莉,"https://img0.baidu.com/it/u=2593329123,3388222139&fm=253&fmt=auto&app=120&f=JPEG?w=604&h=497"
狗头萝莉,"https://img2.baidu.com/it/u=2416865433,1339178998&fm=253&fmt=auto&app=138&f=JPEG?w=668&h=375"
狗头萝莉,"https://img2.baidu.com/it/u=769587084,4093846210&fm=253&fmt=auto&app=120&f=JPEG?w=639&h=351"
狗头萝莉,"https://img1.baidu.com/it/u=3762319843,271561513&fm=253&fmt=auto&app=138&f=JPEG?w=801&h=500"
狗头萝莉,"https://img1.baidu.com/it/u=2071604910,709793546&fm=253&fmt=auto&app=138&f=JPEG?w=268&h=321"
狗头萝莉,"https://img1.baidu.com/it/u=3072457663,3614306304&fm=253&fmt=auto&app=138&f=JPEG?w=668&h=375"
狗头萝莉,"https://img0.baidu.com/it/u=3827693409,3242414899&fm=253&fmt=auto&app=120&f=JPEG?w=511&h=500"
狗头萝莉,"https://img0.baidu.com/it/u=1613703507,2971377181&fm=253&fmt=auto&app=120&f=JPEG?w=500&h=531"
狗头萝莉,"https://img0.baidu.com/it/u=479565187,721648468&fm=253&fmt=auto&app=138&f=JPEG?w=474&h=339"
狗头萝莉,"https://img0.baidu.com/it/u=870919368,274196886&fm=253&fmt=auto&app=138&f=JPEG?w=500&h=828"
狗头萝莉,"https://img2.baidu.com/it/u=1092508415,2467274362&fm=253&fmt=auto&app=120&f=JPEG?w=565&h=500"
狗头萝莉,"https://img1.baidu.com/it/u=4195955000,642920565&fm=253&fmt=auto&app=120&f=JPEG?w=658&h=370"
狗头萝莉,"https://img1.baidu.com/it/u=3250497030,4113406714&fm=253&fmt=auto&app=120&f=JPEG?w=626&h=393"
狗头萝莉,"https://img0.baidu.com/it/u=3260593658,3572552420&fm=253&fmt=auto&app=138&f=JPEG?w=889&h=500"
狗头萝莉,"https://img2.baidu.com/it/u=1327047409,1793898923&fm=253&fmt=auto&app=120&f=JPEG?w=500&h=706"
狗头萝莉,"https://img1.baidu.com/it/u=89325114,2877247433&fm=253&fmt=auto&app=120&f=JPEG?w=640&h=315"
狗头萝莉,"https://img0.baidu.com/it/u=177549443,639336104&fm=253&fmt=auto&app=120&f=JPEG?w=484&h=627"
狗头萝莉,"https://img2.baidu.com/it/u=3491084102,2887343813&fm=253&fmt=auto&app=120&f=JPEG?w=810&h=500"
狗头萝莉,"https://img1.baidu.com/it/u=1515344775,3966264473&fm=253&fmt=auto&app=120&f=JPEG?w=482&h=667"
狗头萝莉,"https://img2.baidu.com/it/u=1393999804,720771197&fm=253&fmt=auto&app=138&f=JPEG?w=500&h=683"
狗头萝莉,"https://img1.baidu.com/it/u=3286415634,182421685&fm=253&fmt=auto&app=138&f=JPEG?w=500&h=889"
狗头萝莉,"https://img0.baidu.com/it/u=1972113425,2116272216&fm=253&fmt=auto&app=120&f=JPEG?w=577&h=500"
狗头萝莉,"https://img2.baidu.com/it/u=1556500754,1970433401&fm=253&fmt=auto&app=120&f=JPEG?w=613&h=500"
狗头萝莉,"https://img1.baidu.com/it/u=3560361917,42376217&fm=253&fmt=auto&app=120&f=JPEG?w=500&h=889"
狗头萝莉,"https://img2.baidu.com/it/u=1622381949,992624703&fm=253&fmt=auto&app=138&f=JPEG?w=500&h=889"
狗头萝莉,"https://img2.baidu.com/it/u=4261191785,1359362322&fm=253&fmt=auto&app=120&f=JPEG?w=500&h=516"
狗头萝莉,"https://img0.baidu.com/it/u=420816288,2325732923&fm=253&fmt=auto&app=120&f=JPEG?w=500&h=546"
狗头萝莉,"https://img0.baidu.com/it/u=2532044040,3050068448&fm=253&fmt=auto&app=120&f=JPEG?w=500&h=801"
狗头萝莉,"https://img0.baidu.com/it/u=3136106,1722031776&fm=253&fmt=auto&app=120&f=JPEG?w=624&h=500"
狗头萝莉,"https://img1.baidu.com/it/u=4085849207,394956767&fm=253&fmt=auto&app=138&f=JPEG?w=668&h=375"
狗头萝莉,"https://img1.baidu.com/it/u=3677594548,2528615605&fm=253&fmt=auto&app=120&f=JPEG?w=500&h=559"
狗头萝莉,"https://img0.baidu.com/it/u=869024864,213856293&fm=253&fmt=auto&app=138&f=JPEG?w=575&h=342"
狗头萝莉,"https://img2.baidu.com/it/u=1810865,4059964279&fm=253&fmt=auto&app=138&f=JPEG?w=500&h=978"
狗头萝莉,"https://img1.baidu.com/it/u=1878848751,2939001653&fm=253&fmt=auto&app=138&f=JPEG?w=864&h=486"
狗头萝莉,"https://img0.baidu.com/it/u=1434656935,2738206183&fm=253&fmt=auto&app=120&f=JPEG?w=500&h=529"
狗头萝莉,"https://img0.baidu.com/it/u=332235895,641160035&fm=253&fmt=auto&app=120&f=JPEG?w=640&h=270"
狗头萝莉,"https://img2.baidu.com/it/u=992736782,110901702&fm=253&fmt=auto&app=120&f=PNG?w=594&h=500"
狗头萝莉,"https://img1.baidu.com/it/u=4284788109,3221418534&fm=253&fmt=auto&app=120&f=JPEG?w=419&h=319"
狗头萝莉,"https://img0.baidu.com/it/u=1480869591,263791192&fm=253&fmt=auto&app=138&f=JPEG?w=507&h=500"
狗头萝莉,"https://img0.baidu.com/it/u=1238537073,1631150951&fm=253&fmt=auto&app=120&f=JPEG?w=500&h=520"
狗头萝莉,"https://img0.baidu.com/it/u=734405406,115937109&fm=253&fmt=auto&app=120&f=JPEG?w=889&h=500"
狗头萝莉,"https://img1.baidu.com/it/u=1000039453,2095482375&fm=253&fmt=auto&app=138&f=JPEG?w=864&h=486"
狗头萝莉,"https://img2.baidu.com/it/u=3927225636,473891700&fm=253&fmt=auto&app=138&f=JPEG?w=800&h=500"
狗头萝莉,"https://img1.baidu.com/it/u=868944983,4083512069&fm=253&fmt=auto&app=120&f=JPEG?w=544&h=500"
狗头萝莉,"https://img1.baidu.com/it/u=2405881367,3564957969&fm=253&fmt=auto&app=120&f=JPEG?w=435&h=648"
狗头萝莉,"https://img0.baidu.com/it/u=3315557100,2194215758&fm=253&fmt=auto&app=120&f=JPEG?w=640&h=318"
狗头萝莉,"https://img0.baidu.com/it/u=2628384270,3001171037&fm=253&fmt=auto&app=138&f=JPEG?w=500&h=605"
狗头萝莉,"https://img1.baidu.com/it/u=2178112340,3348481892&fm=253&fmt=auto&app=120&f=JPEG?w=475&h=628"
狗头萝莉,"https://img2.baidu.com/it/u=1340569654,3650205490&fm=253&fmt=auto&app=138&f=JPEG?w=668&h=375"
狗头萝莉,"https://img0.baidu.com/it/u=3243699812,816281743&fm=253&fmt=auto&app=120&f=JPEG?w=589&h=360"
狗头萝莉,"https://img1.baidu.com/it/u=3033325359,3865097233&fm=253&fmt=auto&app=138&f=JPEG?w=500&h=736"
狗头萝莉,"https://img0.baidu.com/it/u=3594500249,2180154692&fm=253&fmt=auto&app=120&f=GIF?w=400&h=400"
狗头萝莉,"https://img0.baidu.com/it/u=3671364023,458712745&fm=253&fmt=auto&app=120&f=JPEG?w=640&h=232"
狗头萝莉,"https://img2.baidu.com/it/u=3512699493,3285149596&fm=253&fmt=auto&app=120&f=JPEG?w=431&h=645"
狗头萝莉,"https://img2.baidu.com/it/u=3034315589,3972924260&fm=253&fmt=auto&app=120&f=JPEG?w=507&h=439"
狗头萝莉,"https://img2.baidu.com/it/u=523054150,183837822&fm=253&fmt=auto&app=138&f=JPEG?w=634&h=500"
狗头萝莉,"https://img2.baidu.com/it/u=2059295255,418981904&fm=253&fmt=auto&app=120&f=JPEG?w=521&h=183"
狗头萝莉,"https://img0.baidu.com/it/u=770113967,1164176133&fm=253&fmt=auto&app=120&f=JPEG?w=500&h=578"
狗头萝莉,"https://img0.baidu.com/it/u=906440768,2543615484&fm=253&fmt=auto&app=138&f=JPEG?w=668&h=375"
狗头萝莉,"https://img1.baidu.com/it/u=1151186155,2310708806&fm=253&fmt=auto&app=120&f=JPEG?w=599&h=500"
狗头萝莉,"https://img2.baidu.com/it/u=452059951,1227733628&fm=253&fmt=auto&app=138&f=JPEG?w=500&h=611"
狗头萝莉,"https://img1.baidu.com/it/u=808003949,2921462910&fm=253&fmt=auto&app=120&f=JPEG?w=598&h=500"
狗头萝莉,"https://img2.baidu.com/it/u=3394451131,3086415137&fm=253&fmt=auto&app=120&f=JPEG?w=512&h=500"
狗头萝莉,"https://img2.baidu.com/it/u=418634032,3710643322&fm=253&fmt=auto&app=138&f=JPEG?w=500&h=537"
狗头萝莉,"https://img1.baidu.com/it/u=1391812241,3990055769&fm=253&fmt=auto&app=120&f=JPEG?w=500&h=585"
狗头萝莉,"https://img2.baidu.com/it/u=3593779239,416372917&fm=253&fmt=auto&app=138&f=JPEG?w=480&h=301"
狗头萝莉,"https://img2.baidu.com/it/u=2734957061,3691624215&fm=253&fmt=auto&app=120&f=JPEG?w=616&h=500"
狗头萝莉,"https://img1.baidu.com/it/u=1679097711,1069697738&fm=253&fmt=auto&app=120&f=JPEG?w=1055&h=500"
狗头萝莉,"https://img2.baidu.com/it/u=1560974276,489562526&fm=253&fmt=auto&app=120&f=JPEG?w=500&h=1083"
狗头萝莉,"https://img0.baidu.com/it/u=1213241131,2989954259&fm=253&fmt=auto&app=138&f=JPEG?w=577&h=500"
狗头萝莉,"https://img2.baidu.com/it/u=2001966768,2058382136&fm=253&fmt=auto&app=138&f=JPEG?w=750&h=500"
狗头萝莉,"https://img2.baidu.com/it/u=808266082,517292633&fm=253&fmt=auto&app=120&f=JPEG?w=640&h=233"
狗头萝莉,"https://img1.baidu.com/it/u=3470698911,1439110600&fm=253&fmt=auto&app=138&f=JPEG?w=585&h=500"
狗头萝莉,"https://img2.baidu.com/it/u=2988942566,1177269770&fm=253&fmt=auto&app=138&f=JPEG?w=500&h=633"
狗头萝莉,"https://img0.baidu.com/it/u=4056958207,2984663857&fm=253&fmt=auto&app=120&f=JPEG?w=500&h=716"
